time_step,prediction_error,is_anomaly,sensor1_original,sensor1_predicted,sensor2_original,sensor2_predicted
0,1.4224945531303683,False,0.7174932217466442,-0.19252586589399234,-1.3387204763431295,-0.24539741279224808
1,0.49239349650585024,False,-0.4726312838677691,-0.19246047616887912,0.15958749112439602,-0.2453263038909687
2,1.6768077048333856,False,-0.11041951010576842,-0.1925781621881208,1.429340381161619,-0.24545275575799455
3,1.5224557751666556,False,1.0797050884007007,-0.19235199950789478,0.5913034350630821,-0.2452009442446641
4,1.091291153522607,False,0.044814115867411006,-0.1924581625508046,0.819858950920145,-0.245325423508475
5,1.668497307438492,False,-0.8089707627972929,-0.19252264911161482,-1.7958312864479422,-0.24538813299363146
6,1.4606059831431852,False,0.6140041221858921,-0.19258868657648892,0.972229301030093,-0.24546337799538004
7,0.7476930036618431,False,-0.8348430293994381,-0.1923612893305392,-0.6276591277347373,-0.24522075967217227
8,0.43272676984938685,False,-0.4985035523418264,-0.19256763642503721,-0.5514739768495337,-0.24544415769156674
9,0.5895398257501139,False,-0.44675901524968625,-0.19244241892180308,0.2865627646202197,-0.2453014694648366
10,1.142848136184916,False,-0.5243758206716483,-0.19232423801656778,-1.3387204763431295,-0.24517609782281344
11,1.2716324842140367,False,0.924471427797532,-0.19239019379785516,0.3627479303707676,-0.24525476895068302
12,0.824104241293278,False,0.5105150249344448,-0.1923779375037858,0.18498254554812732,-0.24523502554197596
13,1.3212455511434258,False,-1.145310217400843,-0.19262197690064892,-1.1609551492895533,-0.24549335874228528
14,2.1069867801474573,False,-2.024967137621831,-0.19235973192420847,0.7944638930512302,-0.24521894146905723
15,0.7819936224100287,False,0.5622595732715578,-0.1925163493782121,-0.44989377374387385,-0.24537907547053356
16,1.2225153069959547,False,-0.26565313089039166,-0.19250685770743198,-1.4656957058332527,-0.2453709527087581
17,1.2915078395365307,False,0.35528138338601367,-0.1924306635775726,-1.4149056144490628,-0.24528893848069547
18,0.8459940361578945,False,-0.8865875621720717,-0.19257811952167864,-0.7292393269899181,-0.24544773947758328
19,2.223828250363839,False,-1.0935656875061317,-0.1924118690258394,-2.278337093336982,-0.24527719382608618
20,0.7002491491242927,False,0.044814115867411006,-0.19243176868077966,0.41353804155992235,-0.24529609221556123
21,2.4947287290831897,False,1.1831941983585708,-0.19256714122500423,1.8356613788310865,-0.24543199142143127
22,2.0338277850009026,False,-2.180200694537325,-0.1923980808354797,0.18498254554812732,-0.2452439497463188
23,1.3531926553941782,False,1.1055773656736052,-0.19248884716025594,-0.6276591277347373,-0.24535808520335028
24,1.6559819028704847,False,1.2349387542043169,-0.19258752333429108,-1.0847700070634474,-0.2454595020650554
25,1.0806907193204212,False,0.7174932217466442,-0.19257737474649506,0.3373528749827858,-0.2454524388321011
26,0.9944315738797501,False,-1.171182482132475,-0.19252603755726444,-0.06896799249227706,-0.2453892110406076
27,1.0341509126498345,False,0.7692377723930621,-0.19266801472235906,0.1341924368383265,-0.24554127767472525
28,0.6248318898886717,False,0.4070259299917427,-0.1924150896985411,-0.06896799249227706,-0.2452751884066508
29,1.5006633764128445,False,-0.23978086111982483,-0.19227648974696465,-1.7450411986321106,-0.24513258342719138
30,2.8444289799916493,False,2.192213141663433,-0.19245476560038471,-1.7958312864479422,-0.24530421448101045
31,0.46412255173427747,False,0.07068638736747325,-0.19249982536481886,-0.6276591277347373,-0.24537329650859677
32,1.5406343154442468,False,-1.5851386982802862,-0.19254006617750374,0.41353804155992235,-0.24541758728616764
33,1.305710418643531,False,-0.3691422085315643,-0.1924160239771182,1.048414477947243,-0.24528037177224507
34,2.6467344732583036,False,1.053832811272451,-0.19246894931532016,2.0896120203357533,-0.24532578471597175
35,1.3879474805671856,False,1.053832811272451,-0.19243397408942636,-0.8562145729656749,-0.2453001081415594
36,0.7058084965598825,False,-0.8607152958577676,-0.19245561803919342,-0.018177885985682696,-0.24532124734744865
37,0.5019558508247307,False,-0.05867496869132367,-0.19261240621385234,-0.7292393269899181,-0.2454865400155656
38,2.002607083574463,False,-0.7313539621270538,-0.19259620593372218,1.6832910005613049,-0.24548419296093973
39,1.11090216043378,False,-0.8607152958577676,-0.19250863566740578,0.6420935487328954,-0.24537636564519053
40,1.1168896112896192,False,-0.7572262291610657,-0.19242899428721189,0.7182787202716235,-0.24528006661540128
41,1.35296527584927,False,-1.5333941732746084,-0.19236115400905573,-0.4244987226236134,-0.24521436799895094
42,2.285673377581634,False,2.011107161279965,-0.19225480328636252,0.3627479303707676,-0.24510836673649214
43,0.7089994966308143,False,0.3035368373573661,-0.19252091113501685,0.26116770964556657,-0.24539576471296917
44,1.056321628376556,False,-1.119437952525465,-0.19246162961146712,0.26116770964556657,-0.24531981905000588
45,1.7613180354633697,False,-1.9473503572254054,-0.19251926117979196,-0.09436304553911588,-0.24538706358341852
46,0.8542595239686025,False,-0.6278648925513105,-0.1923067358759476,0.4897232093772508,-0.2451533295358273
47,1.3462433477754794,False,0.8985991515357439,-0.19240198460204827,-1.0339799115591537,-0.24525540928971282
48,0.6440381134175903,False,-0.29152540051679304,-0.1923941964231743,-0.8816096217484314,-0.24524763395107496
49,2.7360730786541305,False,-2.206072953520807,-0.19250420166349597,1.6071058132912335,-0.24536161775754767
50,0.4077119133221918,False,0.044814115867411006,-0.19240246774920527,-0.5768690272821031,-0.24527379191050372
51,0.39582154183735374,False,-0.44675901524968625,-0.19242671357625418,0.05800727480677521,-0.2452893646998004
52,1.4453333170763236,False,1.2349387542043169,-0.19243861600379558,-0.018177885985682696,-0.24529333879643678
53,0.7033024451925217,False,-0.7054816949490863,-0.19247775874367373,0.23577265480864396,-0.24533050582259866
54,0.45055971288124236,False,-0.05867496869132367,-0.1924137565497152,0.18498254554812732,-0.24526956655099938
55,0.8534472175257981,False,0.5105150249344448,-0.19253854771895096,-0.7292393269899181,-0.24541383666984598
56,0.8543554162747802,False,-0.6278648925513105,-0.19253487494445598,0.4897232093772508,-0.24540248993809718
57,0.7820092024540476,False,0.3294091102995722,-0.1923261818118277,0.3373528749827858,-0.24516515086197307
58,0.5116902557279704,False,0.17417547480979617,-0.1925043887248049,-0.6022640775772168,-0.24537164555872298
59,1.9820637153702507,False,1.7523843444601526,-0.1924514128316312,-0.6276591277347373,-0.24531136396522904
60,1.014834514065658,False,-0.16216405094376135,-0.19244371065053967,0.7690688353201144,-0.24531350804441032
61,1.2648927792856541,False,0.9762159807541639,-0.1924372174709107,-0.7292393269899181,-0.2452944286950197
62,0.4931077182420299,False,0.12243093080030386,-0.19243665505518953,0.1341924368383265,-0.2452978374890194
63,2.1563448365017766,False,-0.6537371601612146,-0.19251415146136336,1.8610564423596516,-0.2453850720481508
64,1.4146793126482322,False,-1.0935656875061317,-0.19241366105045166,0.8452540089270649,-0.24526947523927417
65,0.6188583738755443,False,0.07068638736747325,-0.19241946527155035,-0.8054244749877258,-0.2452816958500336
66,2.100146218335284,False,1.8817457510616957,-0.19250584632960405,0.08340232867958475,-0.24537402096447813
67,0.360012109810672,False,-0.23978086111982483,-0.19249419353116104,-0.6022640775772168,-0.24537126889670774
68,0.5415010338755127,False,-0.7313539621270538,-0.1923845434207696,-0.2975234649585516,-0.24524092295172628
69,0.48935305987210365,False,-0.26565313089039166,-0.19251030650446704,-0.7292393269899181,-0.2453838051343942
70,2.499657119209795,False,-2.024967137621831,-0.19243951134401938,1.4547354424801116,-0.24530205573863878
71,0.8789688321093421,False,-0.6278648925513105,-0.1922898941880571,-1.0085848636008574,-0.24513562231217909
72,0.8900287962049851,False,0.4328982035109602,-0.19238577607667995,0.3881429858964797,-0.24523645390362853
73,0.8548383128460828,False,0.4328982035109602,-0.1925248203017903,0.3373528749827858,-0.24539386063547447
74,1.6682120283494486,False,0.7951100479328339,-0.19242896274136956,1.0992045965818062,-0.24530162576908932
75,2.250362548948214,False,-2.3354342462844087,-0.19250915923766032,-0.9323997189016456,-0.24537501590402272
76,0.898764645095865,False,-0.44675901524968625,-0.19248605548810266,0.6166984918290549,-0.24534701862524522
77,1.2056711496672516,False,-0.7572262291610657,-0.19252074466448266,0.819858950920145,-0.24538737769294952
78,2.2841597854400586,False,-1.5592664358492851,-0.19233830415836595,-2.0751767596275585,-0.24517938209270565
79,0.5184494260647106,False,0.22592001939616,-0.1925496110423941,-0.5514739768495337,-0.2454163111600022
80,1.125280579033905,False,-0.6796094276270933,-0.19241361152481373,0.7690688353201144,-0.24527598519460023
81,2.2301147456557557,False,0.25179229190566,-0.19241835551463365,-2.4307073378622643,-0.24528115964088681
82,1.7368656208993007,False,-1.714500008279315,-0.1923468217454427,0.5913034350630821,-0.2452061123385183
83,2.0019991514700477,False,-0.6278648925513105,-0.19255669453754487,1.7086860632608782,-0.2454132986795984
84,2.242338042286737,False,1.9852348789469312,-0.19240064843177473,-0.7800294257926019,-0.24525656886500866
85,1.639350007796086,False,-0.3950144775816538,-0.1923852664241123,-1.8720164171427967,-0.24523797295292776
86,1.130242844698098,False,0.6657486716775876,-0.1926537349383946,0.4897232093772508,-0.24552297025748032
87,1.818155362436838,False,-0.7572262291610657,-0.1925002434491183,-1.973596589482318,-0.24536831174360804
88,2.687421415447004,False,-1.3264160675016488,-0.19238912110599166,2.1911922808079964,-0.24524263434930868
89,1.3417333858413767,False,-1.5333941732746084,-0.1926700860457311,-0.2975234649585516,-0.2455518510136194
90,0.37824825130374706,False,-0.317397669999099,-0.19241400110385642,-0.6022640775772168,-0.2452631092949073
91,2.6896470527997387,False,2.4768082680263315,-0.19230378752730914,-0.5768690272821031,-0.24515078303564228
92,1.389907372213156,False,-1.5592664358492851,-0.19250593124472348,0.007217167474072828,-0.24538538246829023
93,0.0803187722565983,False,-0.21390859120530242,-0.19262531240294495,-0.322918516766709,-0.24549954009917352
94,1.9526981768430185,False,-0.4985035523418264,-0.19240275757690767,1.6832910005613049,-0.24526570217286114
95,0.6385941837904091,False,-0.13629178059688257,-0.19263743185064985,-0.8816096217484314,-0.24551035161112855
96,2.200727684302109,False,0.9503437042036953,-0.19226620171466718,-2.125966843877435,-0.24510586898684364
97,1.356603252318613,False,0.5363872990308136,-0.19249266744227062,-1.3895105685510931,-0.24534915214582387
98,1.7837621511071609,False,0.14830320273300227,-0.19250968920019967,1.5055255655313866,-0.2453751228918305
99,1.6820948348207028,False,-1.6368832227109809,-0.19248336309914704,0.6166984918290549,-0.24536405132593833
100,1.4602209855356358,False,-0.3950144775816538,-0.19246558753108223,1.200784835506719,-0.24531973697090048
101,1.0589607411122968,False,-1.2487992754641974,-0.1924838249835793,-0.170548203853593,-0.2453478219514527
102,0.5394998187513838,False,0.25179229190566,-0.19230475280321124,-0.5514739768495337,-0.24515267460819218
103,2.1164050191520176,False,-1.6627554847108148,-0.19253353745510976,1.2769700161493882,-0.2454020045891555
104,0.705703598264816,False,-0.8607152958577676,-0.1926364661148921,-0.018177885985682696,-0.24551992057592525
105,0.9410552887141778,False,-0.42088674648771773,-0.19257395246487863,0.6674886057746037,-0.24544985124764598
106,1.7942594224642492,False,-1.5333941732746084,-0.19231522844747917,0.946834242333697,-0.2451679543430003
107,1.360976466383077,False,0.018941844511514178,-0.19241093973021983,1.0992045965818062,-0.2452602686535508
108,3.452722584323223,False,2.7355311253815295,-0.1923474601123275,-2.0751767596275585,-0.24519940747270147
109,0.3510383795415437,False,-0.3691422085315643,-0.19247900749663266,0.05800727480677521,-0.24533618140991165
110,0.9528766674181719,False,-0.7313539621270538,-0.19250016796355524,0.5405133219444652,-0.2453683710240798
111,1.0632952189900184,False,0.6398763968595522,-0.19235133528644327,-0.9070046703938007,-0.24519570883527153
112,1.2472727334169005,False,1.053832811272451,-0.1924619111236756,-0.1959432563497847,-0.24532011165741446
113,1.1232598494466892,False,-1.041821157035948,-0.19239587432285993,0.4897232093772508,-0.24525152720180274
114,1.7954873777746023,False,0.5105150249344448,-0.19238005833631483,-1.897411460433363,-0.2452275610506711
115,0.8136935846621709,False,0.5881318476565374,-0.192353396424764,-0.4752888247266098,-0.2452083907715663
116,0.9670766824657318,False,0.7692377723930621,-0.1926167102623339,-0.14515315121967087,-0.2455096871057155
117,1.309564793141383,False,-1.352288331226431,-0.19245049651719137,0.3627479303707676,-0.24531087501298576
118,1.4033901996521987,False,1.1831941983585708,-0.19241008953123817,0.0326122210715588,-0.24526494540668037
119,0.8380392573075252,False,-0.23978086111982483,-0.19252930825061665,0.5913034350630821,-0.24540225487614142
120,0.7819525585521537,False,0.5622595732715578,-0.1924612889541285,-0.44989377374387385,-0.24533138784859762
121,1.9314912338564907,False,-0.18803632114654464,-0.19241740375582833,-2.1767569275789302,-0.24527093398054411
122,1.9767795480776256,False,1.5971506613112187,-0.19261989563957393,-1.0847700070634474,-0.2454993031062957
123,1.7473390478751607,False,-1.9214780968060052,-0.1924904912001421,0.007217167474072828,-0.2453600033111663
124,2.3180951302368276,False,0.7692377723930621,-0.19245902163744105,-2.3545222162162864,-0.24532715034452604
125,1.8225314692392554,False,-1.6110109605675413,-0.1924317988692011,-1.3895105685510931,-0.24528453283630325
126,0.41998105445092815,False,0.12243093080030386,-0.19243944626558912,0.0326122210715588,-0.245308573944574
127,1.308246361167778,False,-1.2746715396204968,-0.19240115007121023,0.4897232093772508,-0.24525837954702076
128,0.8181334294074731,False,-0.8865875621720717,-0.19248844201536647,-0.6784492276372737,-0.24535762427007807
129,0.8541048014173361,False,-0.9900766259902216,-0.19265139034937795,-0.5514739768495337,-0.24552896929011264
130,1.4255789812399915,False,1.1573219206524004,-0.19253692716510862,-0.7038442773823581,-0.2454164629091582
131,3.5813951590879323,False,-1.145310217400843,-0.19246842359951177,3.206995007284072,-0.245320568863669
132,0.2736363179579838,False,-0.29152540051679304,-0.192658593786862,-0.5006838755717526,-0.24554268287035813
133,0.9618332060825143,False,0.7692377723930621,-0.19259254553469446,-0.24673336092945738,-0.2454565785632677
134,1.1522744302264927,False,-1.3264160675016488,-0.192448683835644,-0.44989377374387385,-0.24531194662192535
135,1.801432763314229,False,-1.714500008279315,-0.19241915979288293,0.7182787202716235,-0.24527141255938398
136,0.5939141161086324,False,0.3811536566167605,-0.19252146291977362,-0.39910367136569114,-0.24538428050045058
137,2.2100840501609955,False,-1.507521910556116,-0.19251110617082057,1.5309206272642377,-0.24537243344329784
138,1.3315146198488703,False,-0.7313539621270538,-0.1925063611830416,0.972229301030093,-0.24538070661420106
139,0.5179481379378301,False,0.09655865901177087,-0.19217255731810806,0.18498254554812732,-0.24500583920120592
140,2.5897948943608355,False,1.0279605342886469,-0.1925005590237721,2.0388218909289666,-0.24536541645033094
141,1.1556929487563725,False,0.7174932217466442,-0.1924682225205876,-0.957794767272172,-0.24533708294821394
142,1.0894304066312404,False,-0.42088674648771773,-0.19250487744643713,0.819858950920145,-0.24536366806355794
143,0.9087046527464138,False,-0.6019926247973808,-0.19240233946247975,0.5659083784348399,-0.245250444034411
144,1.5496934932698134,False,-1.7403722698479815,-0.19248541555939186,-0.170548203853593,-0.2453532636170584
145,0.7117107927584996,False,-0.13629178059688257,-0.19232732833667893,0.4643281533004109,-0.24517074073449627
146,1.4008088162732104,False,-0.317397669999099,-0.19237092776194786,1.149994715768321,-0.24522264442662786
147,0.26421147291018854,False,0.07068638736747325,-0.19243506695871732,-0.22133830870838328,-0.245297114453314
148,0.16247931140579974,False,-0.29152540051679304,-0.19225974361133957,-0.3737086199703131,-0.2451135175463185
149,1.5415603290869488,False,-0.9900766259902216,-0.19253311747148982,1.0738095371955907,-0.2454068577796226
150,1.0205961420145968,False,-0.11041951010576842,-0.19238202634697787,-1.26253533700133,-0.24523659180618895
151,0.7671580561217983,False,-0.9383320943689529,-0.1924068181543877,-0.4244987226236134,-0.24526223695411598
152,1.1443282243117527,False,-0.11041951010576842,-0.19248293979164965,0.8960441253545081,-0.2453373481834532
153,1.0237244004471022,False,0.35528138338601367,-0.19241168174613832,-1.110165054609651,-0.24527039504598533
154,1.356212418616729,False,0.6140041221858921,-0.1923516310092933,0.8452540089270649,-0.24520440044260075
155,1.5830856017208197,False,-1.0676934223429826,-0.19247196961130486,1.0738095371955907,-0.24533676070765315
156,1.8266984653580718,False,-0.8607152958577676,-0.1924888923568523,1.4547354424801116,-0.2453528436191196
157,1.083429353949952,False,-1.2746715396204968,-0.1923641667757175,-0.1959432563497847,-0.24521374023196027
158,0.4589035882847443,False,-0.21390859120530242,-0.1925678571174258,-0.7038442773823581,-0.24543923743108778
159,0.23403368774911193,False,-0.13629178059688257,-0.1924990957583677,-0.018177885985682696,-0.24535982724610683
160,1.4011535168676201,False,-0.4726312838677691,-0.19237238406399854,-1.6180659766912087,-0.24522809321751834
161,0.8511993898618507,False,-0.7313539621270538,-0.19255018886126257,0.41353804155992235,-0.24542304801030174
162,2.2066812015934167,False,1.9852348789469312,-0.19237084779912517,-0.6022640775772168,-0.24523091969078184
163,0.7187617903910961,False,0.3811536566167605,-0.19236479722381494,-0.6784492276372737,-0.2452139617231748
164,1.1464058875003755,False,0.07068638736747325,-0.19232857815781673,0.8706490670718526,-0.2451761074448885
165,2.233153444995428,False,2.036979443757724,-0.19248115231575613,-0.3737086199703131,-0.24533832842753808
166,1.404092007370266,False,-1.5851386982802862,-0.19251821953902853,-0.4244987226236134,-0.24538498653091084
167,3.157758842357878,False,-2.930496146795462,-0.19245556741697684,1.3277601372679055,-0.24531777492275886
168,2.9806316920081573,False,2.580297409229976,-0.19260280015727438,-1.3387204763431295,-0.24547472470438322
169,0.8607514527796143,False,-0.6796094276270933,-0.192421710753798,0.4643281533004109,-0.24527752175999337
170,0.5626055473473759,False,0.35528138338601367,-0.19249003445290297,-0.3737086199703131,-0.2453681960146764
171,0.8969368472619472,False,0.6916209466398583,-0.1925107495671602,-0.09436304553911588,-0.24538062820999085
172,2.411525585531402,False,2.1404685751158703,-0.19237337381664743,-0.8562145729656749,-0.24523028254917634
173,1.7982252960758434,False,-0.4726312838677691,-0.19246914047225744,1.5309206272642377,-0.24534596456891491
174,0.8451727804199025,False,0.3035368373573661,-0.19250431569289855,0.43893309736130137,-0.2453614206931644
175,1.3024836882699236,False,0.5881318476565374,-0.19235791697411359,-1.2879303835858922,-0.2451949282877495
176,1.352808033429441,False,0.27766456455939537,-0.19255178584458282,1.023019418836969,-0.2454386162156499
177,2.0946140696973443,False,1.8041289066668746,-0.19241625177456012,0.3881429858964797,-0.24527193746773718
178,0.6160599801431854,False,-0.4985035523418264,-0.1924833745115428,-0.7800294257926019,-0.24535089264584597
179,1.2742561038676448,False,0.17417547480979617,-0.19245554620865174,-1.4656957058332527,-0.2453228969664247
180,1.2591188452492104,False,-0.9383320943689529,-0.19251178563962662,0.7690688353201144,-0.24539268131352446
181,1.6479727969937534,False,0.07068638736747325,-0.1923180245130588,-1.8720164171427967,-0.24516713762571266
182,0.9572110538448586,False,-0.8348430293994381,-0.19241065201754637,0.4643281533004109,-0.24527200680526864
183,1.7668401465927286,False,1.571278381292596,-0.19256389835503784,-0.3483135684372733,-0.24543927228222626
184,3.3641842857296007,False,-0.9642043602516001,-0.19235786730451826,3.029229514160881,-0.24521485979701768
185,0.49777334459217726,False,0.20004774703082542,-0.1924019527462198,-0.5514739768495337,-0.2452719334366929
186,0.5454322952436246,False,-0.08454723947062875,-0.1925278351797775,-0.7800294257926019,-0.24539360465712068
187,1.7265071968933585,False,-0.13629178059688257,-0.19258369962945904,1.4801305039367465,-0.2454581177061545
188,1.505094959910949,False,1.0020882574492178,-0.19239083268208462,-1.1609551492895533,-0.24524287864455507
189,1.1441502841750992,False,0.9503437042036953,-0.1926214786005222,-0.2975234649585516,-0.24549828552270725
190,0.6730989665044103,False,-0.5243758206716483,-0.1924178757854596,-0.8308195240453939,-0.2452726830994047
191,0.6623538729779631,False,-0.16216405094376135,-0.19247069550111323,-0.9070046703938007,-0.24534478619967318
192,1.867233989686078,False,0.044814115867411006,-0.19218709293905556,1.6071058132912335,-0.24502264540889426
193,1.1519422548537654,False,-0.05867496869132367,-0.19250057923709685,-1.3895105685510931,-0.24536846631576686
194,1.0548147119061642,False,-0.8348430293994381,-0.19252424203125945,0.5913034350630821,-0.24539231425199576
195,1.0591136768963392,False,-1.2487992754641974,-0.19231989588469922,-0.170548203853593,-0.24517122046314027
196,1.8734075809233082,False,1.5195338216889656,-0.1925490414169016,0.5151182655919585,-0.24542586238116337
197,1.6059482808800567,False,0.22592001939616,-0.192471419446188,-1.7958312864479422,-0.24534165145136475
198,0.5529047805020857,False,0.35528138338601367,-0.19253239042186004,-0.170548203853593,-0.245398348185672
199,0.3085663188043722,False,-0.05867496869132367,-0.1925359753079085,0.0326122210715588,-0.24540447411433963
200,1.2091078808659577,False,-0.3950144775816538,-0.19230685276788267,0.946834242333697,-0.24515828171834317
201,0.2813240393546307,False,-0.4726312838677691,-0.19257890138898848,-0.27212841301280105,-0.24545147063112352
202,1.0931453809612932,False,-1.2746715396204968,-0.19240640985318092,-0.39910367136569114,-0.24526034245256714
203,0.6224873001500552,False,0.018941844511514178,-0.19247884623957034,-0.8308195240453939,-0.24533602522809603
204,1.1524093911409936,False,-0.03280269776778321,-0.19239300510759244,0.8960441253545081,-0.24526051604668364
205,0.8297337656948017,False,-1.0159488915850277,-0.19261293302463828,-0.3483135684372733,-0.24548999859074033
206,0.6958774803744261,False,-0.8865875621720717,-0.19246521879353512,-0.1959432563497847,-0.24533127114299164
207,2.09744511216059,False,-0.8089707627972929,-0.1924502766855563,1.7594761890745205,-0.24531254817702167
208,0.5166413086257454,False,0.22592001939616,-0.1923702481703335,0.05800727480677521,-0.2452240260590016
209,1.1865829038006488,False,0.5622595732715578,-0.1924814769500704,-1.1609551492895533,-0.2453436915458775
210,0.46491162855944695,False,-0.42088674648771773,-0.19249976587161677,0.15958749112439602,-0.24535842554915355
211,0.6619543392860527,False,-0.21390859120530242,-0.19252744195937577,-0.9070046703938007,-0.24539639621883266
212,1.4990457260325842,False,-0.11041951010576842,-0.19237198776400638,1.2515749557971372,-0.24522816158245755
213,0.5158536332472358,False,-0.11041951010576842,-0.19249272745753837,-0.7546343764599536,-0.2453524091174543
214,1.1944546442942945,False,0.22592001939616,-0.19247815926283623,-1.364115522515805,-0.24533754160805907
215,1.391714048483834,False,0.25179229190566,-0.19230060686935874,1.0738095371955907,-0.2451462241141706
216,1.222105040297578,False,-1.3264160675016488,-0.19244517647998255,0.21037760010945175,-0.2453088078319651
217,2.696989609292876,False,-1.5851386982802862,-0.19255295399961664,2.06421695556322,-0.24542733684609944
218,1.2554102269332506,False,-0.4985035523418264,-0.1924418138642387,0.972229301030093,-0.2453011243123425
219,1.4960060629544387,False,0.6398763968595522,-0.19253658898313813,0.9976243598645628,-0.2454048456317233
220,1.1429347266225276,False,0.9503437042036953,-0.19234049550796045,-0.22133830870838328,-0.24519366386451077
221,2.000464063355399,False,1.1314496430907452,-0.19252182312145638,-1.7450411986321106,-0.24538951382238486
222,0.6082145823066021,False,-0.18803632114654464,-0.1925741880641465,0.3627479303707676,-0.24544817218064938
223,0.16232759899754295,False,-0.29152540051679304,-0.19235318790707606,-0.3737086199703131,-0.24520959641087667
224,1.2226930800471876,False,1.0279605342886469,-0.19244508492328616,-0.170548203853593,-0.2452990629394285
225,1.0254324539179012,False,-1.1970547467202914,-0.19227967216971875,-0.44989377374387385,-0.24511875893355714
226,0.60834597628453,False,0.044814115867411006,-0.19236906918440033,-0.8054244749877258,-0.24522212136958674
227,0.4455238920739602,False,-0.42088674648771773,-0.19235703546186272,-0.6276591277347373,-0.24521619976183698
228,2.060527174451163,False,1.8041289066668746,-0.1924644622666032,-0.7546343764599536,-0.24533414275109325
229,0.5607705376752927,False,-0.16216405094376135,-0.19260078968234845,-0.8054244749877258,-0.24548252780633087
230,0.7863768578325456,False,-0.16216405094376135,-0.1924214295015223,0.5405133219444652,-0.24528058465213157
231,1.0191263533573156,False,0.5105150249344448,-0.19248895387431425,-0.9831898155051739,-0.2453528744704424
232,1.6628342409238666,False,-0.7313539621270538,-0.19245935784714174,1.3277601372679055,-0.2453291303253966
233,2.5965810268355494,False,-0.03280269776778321,-0.19250348868829648,-2.8370279658187996,-0.24536293062298534
234,2.35057611288319,False,-2.1025839167257345,-0.19252532980000253,1.1245996561060267,-0.24539429167714333
235,1.782429915635382,False,-1.5592664358492851,-0.19251274714962524,-1.3895105685510931,-0.2453777464769464
236,1.627253568708819,False,-1.352288331226431,-0.19250555613385084,0.8960441253545081,-0.2453838796297017
237,1.6347816776946795,False,-1.6886277465669726,-0.19252680000315892,0.41353804155992235,-0.245394533183698
238,1.4338749888400466,False,1.1573219206524004,-0.1924051992686171,-0.7292393269899181,-0.2452632300856873
239,0.6681798976187511,False,-0.8607152958577676,-0.19253734569066544,-0.24673336092945738,-0.24541015544745182
240,1.2191333958681545,False,0.6916209466398583,-0.19233876944780537,-1.0847700070634474,-0.24518791462466966
241,0.8964058497704934,False,-0.317397669999099,-0.19270949424460732,0.6420935487328954,-0.24559271550599193
242,0.4008332129328002,False,0.09655865901177087,-0.1923687770461358,0.0326122210715588,-0.24521177626568016
243,0.5789543258471432,False,0.3811536566167605,-0.19259178450699987,-0.322918516766709,-0.24545606576222673
244,1.8365895533677703,False,0.6657486716775876,-0.19238323296760595,1.3785502589386491,-0.24523208381700318
245,0.5086575276214872,False,-0.23978086111982483,-0.19242961819520554,0.26116770964556657,-0.2452800961147715
246,3.0573778145585457,False,2.2180854251543374,-0.19250877454614723,-2.125966843877435,-0.24538332298955795
247,1.560211895918903,False,-1.4557773846880337,-0.19248256660187035,-1.1609551492895533,-0.24534242745185594
248,3.5869513372194213,False,-2.8011348705300927,-0.1925446212468072,2.2165873462717225,-0.2454191315493669
249,1.4911641346660163,False,1.2090664762091863,-0.1923970696161592,-0.7546343764599536,-0.2452534707944043
250,1.9246603703185392,False,0.48464275098231124,-0.1924491737006559,1.5563156891351626,-0.24531231317891017
251,0.7604773741991523,False,-0.18803632114654464,-0.1924785955699554,0.5151182655919585,-0.24534586116014506
252,0.7736579756333034,False,-0.9642043602516001,-0.1923223119200369,-0.2975234649585516,-0.24517889502955006
253,1.0946794106722626,False,0.8727268754184709,-0.19243126364634677,0.007217167474072828,-0.24529088837905916
254,0.6001410217256702,False,0.4070259299917427,-0.19262580652889544,-0.22133830870838328,-0.2455162942030934
255,0.2553340803700948,False,-0.44675901524968625,-0.19257000259848361,-0.22133830870838328,-0.24543319378736728
256,0.32169817016065533,False,-0.08454723947062875,-0.19227629941394114,0.05800727480677521,-0.24510755628258116
257,0.8235143646592767,False,-0.317397669999099,-0.19251053934071533,-1.0593749593799255,-0.24538553175879757
258,1.8523869033670883,False,0.820982323616981,-0.1923079538225484,-1.7958312864479422,-0.24516222283198422
259,0.76477359832521,False,0.018941844511514178,-0.1924076941314753,0.4897232093772508,-0.24526574689386732
260,1.3634731234019175,False,-0.9383320943689529,-0.19248756604712403,0.8960441253545081,-0.24534718621908938
261,1.009591015638019,False,-1.1970547467202914,-0.19244461415934339,-0.14515315121967087,-0.24531223503255556
262,1.2030669234322557,False,0.7951100479328339,-0.19246939822388082,-0.9323997189016456,-0.24533609583243524
263,2.3651849970446044,False,2.062851726380208,-0.1924765396891604,-0.957794767272172,-0.24533851728208714
264,0.48867407765902604,False,0.22592001939616,-0.19244798676012825,0.007217167474072828,-0.24530993120018088
265,0.22524841660527015,False,0.018941844511514178,-0.19255106144219547,-0.322918516766709,-0.24541978618150417
266,1.5936543564058612,False,-1.7403722698479815,-0.19260810701267717,0.1341924368383265,-0.24548848986402466
267,1.590988720904669,False,-1.3264160675016488,-0.19240827722736498,0.8706490670718526,-0.24526767190389362
268,1.4950315699739578,False,1.1831941983585708,-0.19237962196449204,-0.8308195240453939,-0.2452307718212805
269,2.000643455449449,False,-1.8697335755363174,-0.1924761025045656,0.8452540089270649,-0.24533337059326518
270,1.7500917208593247,False,0.924471427797532,-0.19253008082225248,-1.592670931891375,-0.24540405804952814
271,0.27883697813948805,False,-0.21390859120530242,-0.19252175502567237,0.0326122210715588,-0.24540297790765347
272,1.4478537306522714,False,-1.1970547467202914,-0.1924499482256919,-1.2879303835858922,-0.2453139486027709
273,0.7096895253785807,False,-0.18803632114654464,-0.19248181085210891,0.4643281533004109,-0.24534711027611777
274,1.2584706961535603,False,0.8468545994455033,-0.1924552455958567,0.4643281533004109,-0.24530743465931812
275,1.6025050016993612,False,-0.4985035523418264,-0.19238535338658092,1.3277601372679055,-0.24523453965760184
276,1.1089670007997712,False,-0.006930426700287177,-0.19251766777195345,-1.3387204763431295,-0.24539307543303887
277,3.0034148342801887,False,1.2349387542043169,-0.19239246926327952,-2.8878180418484485,-0.24523885602684425
278,1.8501784497511853,False,-0.6019926247973808,-0.192588807133792,-2.0497817172969857,-0.24546830864933641
279,1.4380827844699975,False,-1.4557773846880337,-0.19245127611323787,-0.9323997189016456,-0.24531266063364246
280,1.2235164495761226,False,0.07068638736747325,-0.19257922973386593,-1.4403006602097828,-0.24544473476532266
281,1.5723910533095493,False,-1.6627554847108148,-0.19241243967005284,0.31195781973267184,-0.2452708522127129
282,0.43089960129138066,False,-0.4985035523418264,-0.19240340995995153,0.05800727480677521,-0.24526756707454228
283,1.8963372879127423,False,1.6747675022349477,-0.19233690202693415,-0.5768690272821031,-0.2451873781222061
284,0.7688260792130636,False,0.4070259299917427,-0.1925738067151858,0.23577265480864396,-0.24544629462301537
285,1.6626629198095655,False,-0.8607152958577676,-0.1927031018440009,1.2769700161493882,-0.24559368160561304
286,1.5711071655708824,False,1.0279605342886469,-0.19264301984603338,0.7436737777269351,-0.24551736069606037
287,0.5021068341250828,False,0.3035368373573661,-0.19254952156760602,-0.322918516766709,-0.24541104336323288
288,1.1009119453397793,False,0.4587704771744831,-0.19258238711703352,0.6420935487328954,-0.24545605892232317
289,0.8392953744997385,False,0.5105150249344448,-0.19243853747250556,-0.7038442773823581,-0.2452898969054134
290,1.4160299990836958,False,0.820982323616981,-0.19245174543131488,0.7436737777269351,-0.24531141204105347
291,0.7171250179812685,False,0.3811536566167605,-0.19249045878697402,0.18498254554812732,-0.24536671877640576
292,2.2711606061465828,False,-1.041821157035948,-0.19242786824847136,1.8610564423596516,-0.24529125732937332
293,1.67477212983116,False,1.286683310628054,-0.19234459203391735,0.5405133219444652,-0.2451934082806075
294,0.9769782806772211,False,0.7433654969976655,-0.1923767333941117,-0.526078926279371,-0.2452398872389955
295,1.3647835439282705,False,1.0279605342886469,-0.19247938827369904,-0.8562145729656749,-0.24534626370312324
296,1.497273210681962,False,0.5105150249344448,-0.19239062576503763,-1.5672758869542227,-0.24525134572578583
297,1.2514556397013217,False,0.09655865901177087,-0.19251190875595992,0.972229301030093,-0.24538266944443043
298,1.6118364838671286,False,-1.041821157035948,-0.19237826832286553,1.1245996561060267,-0.24524022020820643
299,2.2347478745777116,False,-1.404032858244829,-0.192432716147393,1.6325008755764483,-0.24529632759984935
300,0.8611492600069772,False,-0.4726312838677691,-0.19229349193516365,-1.0593749593799255,-0.24513708969117295
301,1.4660144655781888,False,1.2090664762091863,-0.19239297468124994,0.18498254554812732,-0.24525906061865396
302,0.601908047439617,False,-0.3432699393373095,-0.19249368563507951,0.3373528749827858,-0.24536443408253325
303,1.075247358314609,False,0.07068638736747325,-0.19252114492494882,-1.2879303835858922,-0.24539586404397182
304,0.6457871938043104,False,-0.317397669999099,-0.19259025700559007,0.3881429858964797,-0.24546727945869676
305,0.4328109535650698,False,-0.23978086111982483,-0.19236378570900436,0.18498254554812732,-0.2452200802247864
306,1.3269191095057313,False,-1.507521910556116,-0.19235994248038246,-0.06896799249227706,-0.24520889123132053
307,0.8114021404073237,False,-0.3950144775816538,-0.1923171386678466,0.5405133219444652,-0.24516036410271763
308,0.8583746945457049,False,0.5881318476565374,-0.19255247083227328,-0.6022640775772168,-0.245420356112081
309,0.7109919356407393,False,-0.8089707627972929,-0.19242564829176256,0.10879738269012472,-0.24529386104108283
310,1.5668635478484723,False,0.820982323616981,-0.19242506929165387,-1.4403006602097828,-0.24528354388008525
311,0.6734168791376871,False,0.09655865901177087,-0.19256856508065084,0.3627479303707676,-0.24544112951147404
312,0.737598834634786,False,-0.8089707627972929,-0.19242016668075135,0.15958749112439602,-0.24527840771004783
313,1.6311729882251427,False,0.5622595732715578,-0.19243801859375198,1.200784835506719,-0.24529819043369544
314,0.9696308816215677,False,-0.08454723947062875,-0.19247177580838415,0.7182787202716235,-0.24532674520630174
315,0.3113752272959335,False,0.044814115867411006,-0.1924072710171807,-0.043572939307845095,-0.24526402032516983
316,0.6865863869392556,False,-0.6796094276270933,-0.1925021715753299,-0.7292393269899181,-0.24537264503196
317,0.7837659836566986,False,-0.8089707627972929,-0.1924497177711244,-0.7292393269899181,-0.24530728256709514
318,1.1314376333002294,False,-0.006930426700287177,-0.19257584729896488,0.8706490670718526,-0.24545366152033427
319,0.8022736415192913,False,0.12243093080030386,-0.19241884621591332,-0.9831898155051739,-0.24527955097524082
320,2.5041325499971325,False,1.1573219206524004,-0.19244539932533372,-2.3545222162162864,-0.24530262394684677
321,0.9630019189677624,False,0.7692377723930621,-0.1923394352206188,-0.2975234649585516,-0.24519669200641286
322,0.8325480461686887,False,-0.6278648925513105,-0.1923881591547565,0.4643281533004109,-0.24524529883533913
323,2.645780875025816,False,-1.6110109605675413,-0.19245619441592654,1.988031762075299,-0.24531959007447246
324,0.7396836863777504,False,-0.11041951010576842,-0.19252443069613706,0.4897232093772508,-0.2453887516281865
325,1.8458868232815318,False,1.6488952217824295,-0.19252572898477732,-0.3737086199703131,-0.2453894025521467
326,1.0935608598167585,False,-0.11041951010576842,-0.1923740369621596,0.8452540089270649,-0.2452305460508152
327,0.9191186808440215,False,0.6657486716775876,-0.19254028472238094,0.08340232867958475,-0.24541090234853852
328,1.2087012773818222,False,-0.4985035523418264,-0.19265571321491676,-1.4149056144490628,-0.24554201511187274
329,0.057959468698101445,False,-0.16216405094376135,-0.19247315782301927,-0.1959432563497847,-0.24534240680386263
330,0.6254107815471618,False,-0.05867496869132367,-0.19241593525732587,-0.8562145729656749,-0.24527191859956823
331,2.0101826246147456,False,1.5971506613112187,-0.19228666372314995,-1.1609551492895533,-0.24512618460772867
332,0.3884376971096216,False,-0.5243758206716483,-0.19240945751783162,-0.043572939307845095,-0.24526812049452096
333,0.3883079737281625,False,-0.11041951010576842,-0.19247221947465332,0.1341924368383265,-0.24534687831150412
334,0.5244388676603056,False,-0.44675901524968625,-0.1923772740787345,-0.7038442773823581,-0.24523339044292977
335,0.2726489690169545,False,-0.3432699393373095,-0.19243949311676356,-0.018177885985682696,-0.24530540519807206
336,0.9325587264716279,False,0.3811536566167605,-0.19258482147823985,0.4897232093772508,-0.24545514152242706
337,1.4269633758755784,False,-0.29152540051679304,-0.1924716230910427,-1.668856065879264,-0.245334970065457
338,0.3162496006502913,False,-0.3432699393373095,-0.1925308342874884,0.0326122210715588,-0.24539956874298005
339,1.2960140543237564,False,0.17417547480979617,-0.1925437941064806,0.9976243598645628,-0.2454238491593098
340,1.4530697761797535,False,1.0279605342886469,-0.19246095402004482,-1.0339799115591537,-0.2453211993478839
341,0.8809426457750963,False,0.20004774703082542,-0.19244175114062484,-1.0339799115591537,-0.24530301762855614
342,2.4118384867613085,False,-0.13629178059688257,-0.19252009980719836,2.165797215482482,-0.2453855440760967
343,0.18347614119981037,False,-0.05867496869132367,-0.19245694247732809,-0.11975809844822427,-0.2453179940274014
344,1.0087527942033794,False,0.09655865901177087,-0.19240537308082556,-1.2117452434201816,-0.24526679458976186
345,1.323031878160524,False,1.1055773656736052,-0.19260622862042626,-0.5006838755717526,-0.24547952910080031
346,1.4286858516892091,False,-0.3432699393373095,-0.1924524232611205,1.1753897755685518,-0.2453131216793372
347,1.0231319278788464,False,0.6657486716775876,-0.19236083783844543,0.31195781973267184,-0.24521740153841748
348,0.9969375128821149,False,-0.317397669999099,-0.1925375222721627,0.7436737777269351,-0.2454135232808723
349,0.7810482776410462,False,0.5881318476565374,-0.19254449560484893,-0.22133830870838328,-0.2454159337259252
350,1.2017848504856512,False,0.6916209466398583,-0.1922580947134317,-1.0593749593799255,-0.2451045193120024
351,0.3319156154251979,False,-0.5243758206716483,-0.19246396575088576,-0.24673336092945738,-0.2453273383418414
352,0.5113871902873754,False,-0.23978086111982483,-0.19256132067419307,-0.7546343764599536,-0.24543344920721144
353,0.4215706107912303,False,0.20004774703082542,-0.19248849000435647,-0.39910367136569114,-0.24536107471736868
354,2.9502032193925545,False,-2.2836897296095477,-0.19234937030829397,1.8356613788310865,-0.24520177735403695
355,2.0726124733677525,False,-1.8697335755363174,-0.19241862704030943,0.972229301030093,-0.24528287806544669
356,0.6872576032488101,False,-0.6537371601612146,-0.19238831388590738,-0.7546343764599536,-0.2452440319449161
357,2.27020974272876,False,0.5881318476565374,-0.19246782799983597,1.886451506026359,-0.24533553665823754
358,1.5881543843238166,False,1.1573219206524004,-0.1925422150848929,0.5913034350630821,-0.24541652890742216
359,0.9089460764512226,False,0.5622595732715578,-0.19247949495465255,0.26116770964556657,-0.2453412331305769
360,0.4214257167702642,False,-0.42088674648771773,-0.19252313694278,0.10879738269012472,-0.2453900980727532
361,1.0077877140248463,False,0.7174932217466442,-0.1924870090834841,-0.6784492276372737,-0.2453538518744201
362,0.6510819688241498,False,0.4587704771744831,-0.19230627514722215,-0.24673336092945738,-0.24514318473397445
363,0.6247854991625733,False,0.4070259299917427,-0.1923806622768255,-0.06896799249227706,-0.2452260695500794
364,0.6131310198990471,False,0.4070259299917427,-0.19252649968447566,-0.3737086199703131,-0.24539118237612126
365,1.8722232541390873,False,-0.6019926247973808,-0.19227715481299246,1.5817107511441613,-0.2451295856210056
366,1.4182381818703884,False,-1.0676934223429826,-0.19238922204122333,0.8706490670718526,-0.24525416856580867
367,0.3341249452032327,False,-0.05867496869132367,-0.19242433879141396,-0.5514739768495337,-0.24528841844906818
368,2.0728038789635845,False,1.1831941983585708,-0.19244660170144023,-1.7958312864479422,-0.2453063300863958
369,1.1184245815192968,False,-0.8348430293994381,-0.19250784602324328,-1.1609551492895533,-0.24537957519495382
370,1.0624320019590985,False,0.4587704771744831,-0.19247090127256428,-1.0847700070634474,-0.245338055733233
371,0.6893550270542427,False,0.3811536566167605,-0.19245539443053628,-0.6276591277347373,-0.24532095643825122
372,1.4681996064633176,False,-0.8865875621720717,-0.19248299531235952,1.048414477947243,-0.24535077395404412
373,0.4312060373407285,False,-0.16216405094376135,-0.19231478144140662,0.18498254554812732,-0.24516282161558497
374,1.9057987672252092,False,0.9503437042036953,-0.19238317553380263,-1.7704362426085827,-0.2452338098511465
375,1.280705755287737,False,0.3294091102995722,-0.19250322964127903,-1.4149056144490628,-0.2453697527020256
376,1.3341238748285018,False,0.12243093080030386,-0.1926047225641344,-1.5418808418798893,-0.24548710345891905
377,1.2375332983419298,False,-1.404032858244829,-0.19256466998071042,0.007217167474072828,-0.24543128128182318
378,0.8298067475997272,False,-1.0159488915850277,-0.19254675191226456,-0.3483135684372733,-0.24541994685067944
379,2.46197671377947,False,-1.9732226175011298,-0.19250625743375782,1.4547354424801116,-0.2453757538951623
380,1.0594791323353292,False,-0.4985035523418264,-0.19236538417788407,0.7690688353201144,-0.24521570848926802
381,1.6379961301137624,False,1.3384278676297816,-0.19243741007052328,0.3373528749827858,-0.24529802781877463
382,1.3155027160450514,False,0.044814115867411006,-0.19260462203514167,1.048414477947243,-0.24548554317265558
383,1.8813099785337564,False,0.9762159807541639,-0.1925776900864849,-1.71964615451832,-0.24545259329504104
384,0.9027592507821727,False,-0.3432699393373095,-0.19259120887344555,-1.1355601020181927,-0.24546591896630363
385,1.3752375537948982,False,0.09655865901177087,-0.19246393873291667,1.0992045965818062,-0.2453189157682089
386,0.41841588966624316,False,0.22592001939616,-0.19249259639709287,-0.24673336092945738,-0.24535230340708852
387,0.45558079924545075,False,-0.18803632114654464,-0.19233818977717454,0.21037760010945175,-0.24517957097743584
388,1.1496010653829276,False,0.9503437042036953,-0.19238752905811662,-0.11975809844822427,-0.2452420240699218
389,1.6024730020948688,False,0.7174932217466442,-0.19241065716516775,1.0738095371955907,-0.24527848236937327
390,2.316193604523679,False,-0.7054816949490863,-0.19235742163140845,2.0134268264330615,-0.24521290130025603
391,1.959892237893159,False,-1.3264160675016488,-0.19259974458563478,1.3531551980341718,-0.24548042377322443
392,1.8749588239611326,False,0.09655865901177087,-0.19255844062671829,1.6071058132912335,-0.2454276240244001
393,2.894898925124473,False,2.6579142666537554,-0.19235246744225648,0.26116770964556657,-0.2452078783784431
394,1.318164200497504,False,1.0020882574492178,-0.19247305392950764,0.31195781973267184,-0.2453389455729971
395,1.5775452629802305,False,1.3643001463474882,-0.19243523854237393,-0.5006838755717526,-0.24529550378926196
396,0.46715406951332095,False,-0.5243758206716483,-0.19245542859185238,0.08340232867958475,-0.24532439652343255
397,1.427653556347568,False,-1.1970547467202914,-0.19234943143168043,0.7690688353201144,-0.24520845557038926
398,1.054108214769428,False,0.5105150249344448,-0.19227666952389216,0.5405133219444652,-0.24512100961741903
399,0.6153142909912486,False,-0.5761203568994955,-0.1923416892058623,0.23577265480864396,-0.24518737737157334
400,0.9944075783055191,False,0.6916209466398583,-0.19230666530343737,0.21037760010945175,-0.2451584117773009
401,1.9394093201918825,False,-1.4557773846880337,-0.19240629769062612,1.226179895582891,-0.24528196503615157
402,0.890179832384338,False,0.17417547480979617,-0.1924158120414971,0.5659083784348399,-0.2452819322178761
403,1.5545620509031757,False,0.12243093080030386,-0.19248639979256355,1.2769700161493882,-0.24536042544340655
404,1.7485961109374766,False,1.3125555890567302,-0.19244951804502897,-1.1355601020181927,-0.245308829457114
405,2.4487169076737514,False,2.011107161279965,-0.1923936211176176,-1.3133254300332045,-0.24524429833384737
406,0.7121848389775908,False,-0.6019926247973808,-0.19239933335857384,0.3373528749827858,-0.24526106151543978
407,0.9570301569776295,False,-0.8865875621720717,-0.19243613041042995,0.41353804155992235,-0.24529405237412635
408,0.659907646489164,False,-0.8348430293994381,-0.19242779049606518,-0.09436304553911588,-0.2452929282724304
409,0.7209096554769836,False,-0.7054816949490863,-0.1923544022831139,0.26116770964556657,-0.2452002903025428
410,2.790510743165867,False,-1.352288331226431,-0.1924000047194005,2.2927725434926467,-0.24525972139141938
411,0.7654619906890431,False,0.5105150249344448,-0.19233595821775756,0.05800727480677521,-0.24519020994164722
412,1.1351071738959202,False,0.924471427797532,-0.19254437199791402,-0.043572939307845095,-0.2454227262591173
413,1.8259495785712831,False,1.5454061014184182,-0.19255422479241685,-0.8054244749877258,-0.24543770096638762
414,0.8877708946431789,False,-1.0159488915850277,-0.19242726866581417,-0.5768690272821031,-0.24528434238009023
415,1.8325653827696544,False,-1.041821157035948,-0.19242282448487186,1.3785502589386491,-0.24527774593848858
416,2.149320694565738,False,-1.507521910556116,-0.192468232628002,1.4547354424801116,-0.24532709071501843
417,2.0851473898530446,False,1.0797050884007007,-0.1924351514096621,-1.897411460433363,-0.2452922016345232
418,0.7734876944735873,False,0.4328982035109602,-0.1922573183041294,0.21037760010945175,-0.24509609766362012
419,0.7229267319652058,False,-0.7054816949490863,-0.19244273505337783,-0.7546343764599536,-0.24530794827633257
420,1.4095702599799087,False,1.1314496430907452,-0.19244874448041205,-0.7292393269899181,-0.24531704454976633
421,1.8113302120763919,False,1.4936615421040982,-0.1925122973121991,-0.9070046703938007,-0.24538948401705313
422,0.6892154676327038,False,-0.11041951010576842,-0.19251351583419468,0.43893309736130137,-0.24537489686630892
423,0.5894815888483017,False,-0.44675901524968625,-0.1923368696315506,0.2865627646202197,-0.2451839551056502
424,2.6096853798983184,False,2.2698299925703904,-0.19233407632229105,-1.110165054609651,-0.24517801854466403
425,0.8374685300381719,False,0.25179229190566,-0.19261514849097883,0.4643281533004109,-0.245497717857917
426,1.2875760640741065,False,-1.171182482132475,-0.1924297365467601,0.5913034350630821,-0.2452934258893527
427,0.8313989451800559,False,0.6140041221858921,-0.19252693192683784,-0.043572939307845095,-0.24539133717351516
428,2.19827767376365,False,1.2608110323438928,-0.19250902346473592,1.4039453199811316,-0.24538339554269525
429,0.7499579069107458,False,0.5363872990308136,-0.19252179356520088,-0.06896799249227706,-0.24539945619112427
430,2.9445222930718566,False,-0.16216405094376135,-0.19241402010735437,2.6990936163638977,-0.24527309612307782
431,1.0200312544795371,False,0.7951100479328339,-0.19243043721027425,-0.5006838755717526,-0.24528868621698227
432,1.1654612690114712,False,0.3811536566167605,-0.1925338967954967,0.7690688353201144,-0.24541739221870496
433,0.8873743665463056,False,-0.18803632114654464,-0.19240846883655127,0.6420935487328954,-0.24526931488591883
434,1.069830580629173,False,0.8727268754184709,-0.19240911037229652,-0.14515315121967087,-0.2452611804000905
435,0.6181009140808474,False,0.12243093080030386,-0.19245150799032945,0.2865627646202197,-0.24531807220049426
436,2.1606460504051133,False,-0.317397669999099,-0.19231491469541334,1.9118465698312774,-0.2451745402569966
437,0.8172563818844067,False,-0.29152540051679304,-0.19245422834669146,0.5659083784348399,-0.2453205403325278
438,1.5591489029561454,False,-1.2229270111641521,-0.19221020314862147,-1.4149056144490628,-0.24505260747082902
439,0.6848186146444908,False,-0.3691422085315643,-0.1924913738672891,-0.9070046703938007,-0.24536226387351462
440,0.9027933497785067,False,-0.5243758206716483,-0.192379679341808,-1.0847700070634474,-0.24523904595639048
441,1.5965828751539712,False,-1.404032858244829,-0.1923961445509919,0.7944638930512302,-0.24525328458222953
442,1.6556299147798308,False,1.0279605342886469,-0.19245826457101672,-1.364115522515805,-0.24532694464908059
443,1.6316645538567593,False,-0.03280269776778321,-0.1924259314744305,1.3785502589386491,-0.24528739134126404
444,1.5941103220717439,False,-1.119437952525465,-0.19228239973923245,-1.5418808418798893,-0.24512961193349456
445,1.4448071244119254,False,0.07068638736747325,-0.19240419020731603,1.1753897755685518,-0.24526135775638147
446,0.5621100946687954,False,0.35528138338601367,-0.19259085016073713,-0.11975809844822427,-0.24545711193349554
447,1.0773501141766482,False,0.7951100479328339,-0.1925378520006506,0.18498254554812732,-0.24540522784181068
448,0.7821372524951263,False,0.4587704771744831,-0.19255529051177378,-0.6784492276372737,-0.24542307519862538
449,0.6162002159660775,False,-0.4985035523418264,-0.19239283983071248,-0.7800294257926019,-0.24524214016742457
450,0.4798310995008593,False,-0.6278648925513105,-0.19256727629518167,-0.043572939307845095,-0.24544570536563323
451,1.094976367996039,False,-0.13629178059688257,-0.19232816207072967,-1.3387204763431295,-0.2451807977837293
452,0.9538688464305709,False,0.6140041221858921,-0.19260177592128713,-0.7546343764599536,-0.24546959477371152
453,1.0609213219221183,False,0.25179229190566,-0.1923457439919974,0.7182787202716235,-0.24520043641501496
454,0.6048879819799762,False,-0.42088674648771773,-0.1924603085305619,-0.8054244749877258,-0.24532596802948584
455,2.7919865414543423,False,0.6398763968595522,-0.19242936503257807,2.4197478749603536,-0.24529528663786843
456,2.310225447262265,False,1.8817457510616957,-0.1925098543214353,-1.26253533700133,-0.24538009423982754
457,2.430527308676405,False,-0.4985035523418264,-0.19252771696722354,2.165797215482482,-0.2453935011571111
458,1.8928763209464714,False,0.6398763968595522,-0.19246178216506005,1.4547354424801116,-0.24532141073863997
459,2.446133335648838,False,2.1404685751158703,-0.19257482289535083,0.4897232093772508,-0.24544661365000817
460,0.9598745418674918,False,-0.3950144775816538,-0.1925158647115367,0.6928836629542484,-0.24538758059871552
461,1.6789694703696503,False,0.12243093080030386,-0.19238551287096267,1.4039453199811316,-0.24524452805045596
462,0.3871185378187026,False,-0.5761203568994955,-0.1925290121927768,-0.2975234649585516,-0.24539536759688732
463,0.8143356397241612,False,0.5622595732715578,-0.19222859787737434,-0.5514739768495337,-0.24507745798367256
464,1.7267072379231105,False,-1.6886277465669726,-0.1925507701184393,0.6166984918290549,-0.24543316722922962
465,0.40068892670212247,False,0.09655865901177087,-0.19226091970407472,0.0326122210715588,-0.24510530148415383
466,1.9687987142182275,False,-1.041821157035948,-0.19231584266577428,1.5309206272642377,-0.2451716979624565
467,2.1946908977987154,False,1.7265120635737392,-0.1923899771130606,0.819858950920145,-0.24526108956852163
468,0.8622170969600252,False,-0.21390859120530242,-0.19239355430799615,0.6166984918290549,-0.24524921366697425
469,0.2555504197047536,False,-0.18803632114654464,-0.1923246884697432,-0.5006838755717526,-0.2451780366966289
470,1.2031906313624254,False,-1.3781605948076079,-0.19248464427259587,-0.44989377374387385,-0.2453464648735155
471,0.6063326944789558,False,-0.7313539621270538,-0.19249758603858758,0.0326122210715588,-0.24536751931981504
472,1.5939272873572345,False,-1.119437952525465,-0.19241134396471754,-1.5418808418798893,-0.24526035068586768
473,0.20918752394059215,False,-0.3950144775816538,-0.19244897008061168,-0.2975234649585516,-0.24531210974831835
474,1.4076012824169322,False,0.6657486716775876,-0.19232314181478743,0.8706490670718526,-0.24516910313580312
475,1.621956595988103,False,0.5363872990308136,-0.19236361703221622,-1.694251110267417,-0.24523006555657528
476,1.838624669327651,False,-1.6110109605675413,-0.1923990770928552,-1.4149056144490628,-0.2452562929410686
477,1.5617083277083679,False,-0.8348430293994381,-0.1924995041857609,-1.668856065879264,-0.2453649075095597
478,0.4749858590333779,False,-0.05867496869132367,-0.19250502854724455,0.21037760010945175,-0.24536350030651521
479,1.4341646679721247,False,1.053832811272451,-0.19245577972244654,0.4643281533004109,-0.2453142835344368
480,0.23214490492672601,False,-0.23978086111982483,-0.19260166576398913,-0.018177885985682696,-0.2454694513972686
481,2.034354988820619,False,-2.180200694537325,-0.19248311342994384,-0.6784492276372737,-0.245345938594422
482,0.13582096303028215,False,-0.05867496869132367,-0.1923683611451849,-0.22133830870838328,-0.24522859962112015
483,1.627639618745852,False,-0.4985035523418264,-0.19260109105054435,1.3531551980341718,-0.24547915441295332
484,1.0478236545572888,False,-0.6537371601612146,-0.19259417319093053,-1.1863501964235268,-0.2454583043749206
485,1.7327542427095584,False,1.3384278676297816,-0.19261097547758038,0.5659083784348399,-0.24548130211675825
486,2.216005863749368,False,-0.5761203568994955,-0.1924340050507976,1.937241633774407,-0.24529495894920886
487,0.29779621774056825,False,-0.29152540051679304,-0.1924015552706697,-0.526078926279371,-0.24526687647049686
488,0.5183524653393288,False,0.09655865901177087,-0.1924566651239213,0.18498254554812732,-0.24531832781932958
489,0.9397213869777159,False,-0.8865875621720717,-0.19253256067989943,0.3881429858964797,-0.24538820597484182
490,1.4348855885961966,False,0.5622595732715578,-0.19247312574981312,-1.4656957058332527,-0.24533727014600462
491,0.8715659198465309,False,-0.9642043602516001,-0.19233469677567505,0.15958749112439602,-0.2451849662204798
492,1.7058748835317779,False,0.6657486716775876,-0.1925654005916398,-1.71964615451832,-0.245433174824796
493,0.4875151650372409,False,-0.5243758206716483,-0.19239020128461265,-0.6022640775772168,-0.24525638562033575
494,1.1944547585701064,False,-1.0159488915850277,-0.19228235351947154,-1.110165054609651,-0.2451279338918706
495,0.799616075489924,False,-0.8089707627972929,-0.1925027842661427,-0.7546343764599536,-0.2453678255523817
496,1.4170332062727928,False,-1.352288331226431,-0.19243507878840105,-1.0593749593799255,-0.2452970992352459
497,0.5124071569351525,False,0.25179229190566,-0.19242520297560572,-0.5006838755717526,-0.2452803147395273
498,0.20555104604574065,False,-0.21390859120530242,-0.19258028831533625,-0.44989377374387385,-0.24545684262617742
499,0.8256945088966918,False,0.5105150249344448,-0.19244646524827352,-0.6784492276372737,-0.24530279826085835
500,2.4920462905931555,False,1.2349387542043169,-0.19260251403076456,-0.6530541777547334,-0.2454814923317088
501,2.0240733289046635,False,0.07068638736747325,-0.1924685309629851,-0.39910367136569114,-0.2453127626702242
502,2.132123665992235,False,0.5363872990308136,-0.19249334275343533,-0.3483135684372733,-0.2453462701701439
503,2.2101751456663234,False,0.22592001939616,-0.19261315614492852,0.5913034350630821,-0.2454736285016485
504,3.3388885591019384,False,-2.516540050125671,-0.19251192745727463,1.0738095371955907,-0.2453522169064423
505,3.2701229248692094,False,-1.404032858244829,-0.19260344596112977,2.0388218909289666,-0.2454697468742025
506,2.344027209805644,False,0.35528138338601367,-0.19235663498307665,-1.3387204763431295,-0.245194879146072
507,2.9139853491682026,False,-1.0676934223429826,-0.19255486748316564,1.6832910005613049,-0.24542122412934142
508,2.238686689452194,False,1.9593625967585522,-0.17152070620209198,0.41353804155992235,-0.27279504813502775
509,1.9868412176406842,False,-2.1543284354103776,-0.17150794117170431,-0.39910367136569114,-0.27277404069243183
510,1.4932338852147913,False,-1.6627554847108148,-0.17149966274557754,-0.1959432563497847,-0.27276797306113976
511,1.8966705283427676,False,1.6488952217824295,-0.17141707442099924,-0.8054244749877258,-0.2726768399929265
512,0.47100967851761916,False,-0.5502480888575147,-0.17139682956988156,0.007217167474072828,-0.2726379290816795
513,3.5785713126561514,False,3.123615438585766,-0.17130020176910543,-1.668856065879264,-0.2725404482493481
514,1.0723227267587925,False,-1.0159488915850277,-0.17159055073817597,0.3881429858964797,-0.2728650190037342
515,2.7047093741031096,False,-1.7662445312730422,-0.17132936522398012,1.9118465698312774,-0.27257405549844466
516,1.8129060073052083,False,-0.5243758206716483,-0.17141832550008357,1.5055255655313866,-0.27268898659618285
517,1.6375603567738652,False,1.4419169833676988,-0.17152702925401214,0.007217167474072828,-0.2727807888922073
518,2.044099282108104,False,-1.5333941732746084,-0.17150469162208248,1.2515749557971372,-0.2727597370517231
519,2.2497514014072046,False,-1.3264160675016488,-0.17153095315121042,1.6578959379998055,-0.27280872282274554
520,2.890420857602849,False,1.7782566254911512,-0.17147656827061647,1.8610564423596516,-0.27273628120646914
521,0.7261459811936103,False,-0.6019926247973808,-0.17159666401300522,0.31195781973267184,-0.27288883191906527
522,1.5966606356074693,False,-1.171182482132475,-0.17144630213319584,0.972229301030093,-0.27270070477596126
523,2.4830111900199197,False,0.5105150249344448,-0.17131469425732582,2.115007085246429,-0.2725538761864269
524,1.223048858519819,False,0.5105150249344448,-0.171340724101816,-1.2879303835858922,-0.2725897094731288
525,0.5574321432989175,False,-0.6796094276270933,-0.1714598858528853,-0.043572939307845095,-0.27273066629064413
526,1.7728649548188506,False,1.5195338216889656,-0.17137230806446457,-0.8054244749877258,-0.2726175244972265
527,2.667515129039408,False,0.20004774703082542,-0.17133392648667345,2.368957741958363,-0.2725774015321543
528,2.394803712402899,False,1.9334903147149682,-0.17128886974841512,-1.4149056144490628,-0.2725480010530825
529,0.19383670754163926,False,-0.317397669999099,-0.17144980627495243,-0.14515315121967087,-0.2727070526051673
530,1.6159522356236096,False,-0.3950144775816538,-0.17139459667176887,1.3277601372679055,-0.27264387190994543
531,3.0890577007750646,False,1.6230229414745665,-0.17127671087479673,2.2419824118737965,-0.27252702335865064
532,0.7026319525565363,False,0.07068638736747325,-0.1715845082120872,-0.9323997189016456,-0.2728594507021336
533,4.098474025796422,False,-0.44675901524968625,-0.17148265990330241,3.816476749546931,-0.27274204769397226
534,1.5928786866313103,False,-0.8348430293994381,-0.1715319398390865,1.1753897755685518,-0.272808963154568
535,1.7911125295604666,False,0.044814115867411006,-0.17125678251680337,1.5055255655313866,-0.27250359602270474
536,1.8388510110415153,False,-1.9990948776333184,-0.17158405104669633,-0.06896799249227706,-0.2728677941035306
537,2.454616183475837,False,-2.5424123072433265,-0.17148828840388697,0.3627479303707676,-0.2727504094804396
538,0.9710950510891128,False,-0.05867496869132367,-0.17135588421307502,-1.2371402902794493,-0.27260691307901347
539,2.481190797583347,False,0.5881318476565374,-0.1712558943763094,2.0896120203357533,-0.27251142632170455
540,2.9099884089816044,False,1.4936615421040982,-0.1715559995713285,-2.6592626954020964,-0.2728259193447604
541,0.6193149585538733,False,0.09655865901177087,-0.17113166169901778,-0.8308195240453939,-0.2723644059346072
542,1.1217591943917309,False,-1.2746715396204968,-0.17137334106288055,-0.4752888247266098,-0.2726229829710883
543,1.2267832752595613,False,-1.0676934223429826,-0.17133582987981416,-1.110165054609651,-0.27258798532124806
544,2.8099229735407203,False,2.50268055310991,-0.1714959518628229,-1.1355601020181927,-0.2727481860349175
545,1.3379439900406427,False,1.1314496430907452,-0.17146139402579752,-0.5768690272821031,-0.2727074491433738
546,0.6813950813141181,False,-0.42088674648771773,-0.1715847882749606,-0.9070046703938007,-0.27285625041226697
547,4.422013156754575,False,-1.9732226175011298,-0.17127863472912547,3.7656866013079435,-0.27252956331870953
548,0.8539911967638825,False,-0.6796094276270933,-0.1716998131455778,0.41353804155992235,-0.27299009471414254
549,0.6400231658687038,False,-0.5243758206716483,-0.1715471810527932,0.26116770964556657,-0.272816603416401
550,2.9396633526163995,False,2.709658838994027,-0.1715264069248984,-0.8562145729656749,-0.2727855847859861
551,3.0033174323152623,False,1.053832811272451,-0.17158186931373037,-3.0147932295270143,-0.2728468200159579
552,1.4170907946663747,False,-1.2746715396204968,-0.1715538531444612,0.6166984918290549,-0.27283876304477256
553,2.064962475581683,False,-0.7572262291610657,-0.1715146782397446,-2.252942052103035,-0.2727878472409976
554,1.1353777729554106,False,-0.9383320943689529,-0.17155832976133972,-1.110165054609651,-0.27282541404170546
555,1.258241763116046,False,1.0279605342886469,-0.17114899659081023,0.10879738269012472,-0.27237357404160517
556,0.18222053350936881,False,-0.21390859120530242,-0.17144064275383358,-0.44989377374387385,-0.27269667317824847
557,1.9718429959770434,False,-0.42088674648771773,-0.1714535236424991,1.6832910005613049,-0.2727115609328905
558,2.3922575630600207,False,2.1663408583173243,-0.17152665206328865,-0.7800294257926019,-0.2728106221176738
559,1.1873481839342879,False,1.0020882574492178,-0.17173619823420772,-0.09436304553911588,-0.2730267172561251
560,1.0943295662997492,False,0.5881318476565374,-0.1714276196456304,0.5151182655919585,-0.2726788861811524
561,1.417045829370395,False,-1.5851386982802862,-0.17168246806968712,-0.3737086199703131,-0.2729573826481603
562,1.3874408976762793,False,-1.3781605948076079,-0.17158104597296941,-0.957794767272172,-0.2728467134787334
563,2.642598743710555,False,0.8468545994455033,-0.1714539582111358,2.165797215482482,-0.27272165835345913
564,1.5932838904738773,False,1.3384278676297816,-0.17151462532672507,0.23577265480864396,-0.272779470266217
565,2.1850146221486084,False,1.2608110323438928,-0.17132414958744768,-1.9228065035868853,-0.2725724677282011
566,1.6560952028933853,False,-1.5851386982802862,-0.1715247673706069,-1.1355601020181927,-0.27280522862855
567,2.5850564296133007,False,-0.4985035523418264,-0.17147228790694513,-2.8370279658187996,-0.27274132880857327
568,1.678482050069706,False,-0.4726312838677691,-0.17142093914390255,1.3785502589386491,-0.27268328758443816
569,1.857073066121091,False,-0.29152540051679304,-0.1715194332644815,-2.125966843877435,-0.27277606890266926
570,1.4251632040435789,False,0.7433654969976655,-0.17157126698813296,0.819858950920145,-0.27283343540339217
571,1.0838111039966103,False,0.018941844511514178,-0.17126932257844762,0.7944638930512302,-0.2725210918019923
572,2.785630076512494,False,2.4768082680263315,-0.1714396673730592,0.5913034350630821,-0.27270819950664676
573,1.6417260338440058,False,0.20004774703082542,-0.17163567384923284,-1.8720164171427967,-0.2729193918989551
574,0.9714303050443079,False,-0.42088674648771773,-0.17158882844743384,-1.2117452434201816,-0.2728510821253795
575,1.6038523876059023,False,0.8985991515357439,-0.17173320298775713,0.9214391837751686,-0.2730138073624043
576,2.6628038096203235,False,2.4768082680263315,-0.1713515138138702,-0.5514739768495337,-0.2726016609139959
577,0.5452567660320418,False,-0.6537371601612146,-0.17166747313689962,-0.018177885985682696,-0.272944075016566
578,2.047141855864593,False,-0.5761203568994955,-0.17139204365481175,1.734081126098594,-0.2726530144231894
579,0.9078670846387334,False,-0.8865875621720717,-0.17140041003199114,0.2865627646202197,-0.2726575803272555
580,1.8744958402360692,False,1.1831941983585708,-0.1713979853713659,1.023019418836969,-0.2726702470951047
581,2.1995025728110438,False,1.7523843444601526,-0.17164000117884654,-1.3387204763431295,-0.2729174442744078
582,0.280111915016855,False,-0.42088674648771773,-0.17158569595352202,-0.14515315121967087,-0.27285497948582055
583,1.2021204172563116,False,0.9503437042036953,-0.17138149290732413,0.15958749112439602,-0.2726425930912513
584,1.9536558975324927,False,-2.0767116571679693,-0.17150103457829974,0.15958749112439602,-0.27278152654465293
585,2.445866067557573,False,-1.7662445312730422,-0.1714798753856706,1.5817107511441613,-0.27273920495508597
586,2.708418914734789,False,-2.8528793814663866,-0.17132059379078146,-0.6530541777547334,-0.27256763068778755
587,0.829166231901046,False,-0.7054816949490863,-0.1714543387807425,-0.9070046703938007,-0.2727102069356801
588,3.0301464018956383,False,0.5363872990308136,-0.1713699592802091,2.6736985482716897,-0.2726319064181818
589,1.8748759817811556,False,-0.44675901524968625,-0.17157802306188946,1.5817107511441613,-0.27286017575524085
590,3.141105414278438,False,-1.9473503572254054,-0.1714895236249554,2.31816760950956,-0.272751089605563
591,1.3037660213315332,False,0.6140041221858921,-0.17145005162912624,-1.3133254300332045,-0.2727169470115509
592,1.2172964782721514,False,0.9762159807541639,-0.1714760911373312,-0.6784492276372737,-0.27272630842961715
593,0.5732492431324909,False,0.3811536566167605,-0.17134439511397215,-0.11975809844822427,-0.2725859473567817
594,2.543425345210638,False,2.192213141663433,-0.1715557197912917,-1.2117452434201816,-0.2728074249544255
595,0.94942376926782,False,0.7692377723930621,-0.17156071251157845,-0.14515315121967087,-0.2728261784266975
596,1.9034294902547138,False,-2.024967137621831,-0.17122619420608076,0.15958749112439602,-0.27247258373661537
597,1.5358376149936144,False,1.3643001463474882,-0.1713333410576891,-0.2975234649585516,-0.27258224418694227
598,6.454163234047894,True,-4.1206197203837105,-0.1712796092366919,4.83227983091948,-0.2725148305566324
599,2.939105802790215,False,2.7355311253815295,-0.17158563903118096,0.15958749112439602,-0.27286131806037695
600,0.8703448907205615,False,0.3294091102995722,-0.17152595333697995,0.43893309736130137,-0.27279914990219406
601,2.146246260489761,False,1.8041289066668746,-0.17148003582711568,0.5659083784348399,-0.2727457996915252
602,0.7556796079249624,False,-0.6796094276270933,-0.17156324072198487,0.2865627646202197,-0.27284699405827084
603,3.3888326383263303,False,-3.3961967116810166,-0.1714788823892921,0.7690688353201144,-0.2727469841851045
604,2.8223897134196494,False,2.2957022764956094,-0.17147563627441453,-1.6434610213537926,-0.2727260617285101
605,1.9143438270061055,False,0.3035368373573661,-0.17148773707241116,1.5817107511441613,-0.2727602672320378
606,2.0755435310865447,False,-0.44675901524968625,-0.17107064437290215,1.784871252188521,-0.27227560551326774
607,0.8406968522507983,False,0.6657486716775876,-0.17143469548905332,-0.1959432563497847,-0.2727115074722661
608,0.9665200935621215,False,-0.7313539621270538,-0.1714303007284994,0.5151182655919585,-0.27269176743399537
609,1.58797766654664,False,0.27766456455939537,-0.17140591997983384,-1.7958312864479422,-0.2726746254702449
610,0.4763164468532476,False,-0.6019926247973808,-0.17145237144373499,-0.06896799249227706,-0.272709369002209
611,1.816041890902965,False,0.6398763968595522,-0.17143185575703718,-1.897411460433363,-0.27267023526331435
612,0.9905713309181193,False,0.5881318476565374,-0.1716015799686692,0.3627479303707676,-0.27288901651169406
613,0.9888423617282294,False,0.7692377723930621,-0.1713267543136338,0.0326122210715588,-0.27257975032751675
614,2.1406830082634682,False,0.20004774703082542,-0.17131501888876655,1.8356613788310865,-0.2725624334893466
615,0.532158962669401,False,0.35528138338601367,-0.17148448193464044,-0.3483135684372733,-0.2727523829129883
616,2.0609080898843715,False,1.8817457510616957,-0.17143239103898933,-0.09436304553911588,-0.2726874444911376
617,2.7573831506766093,False,-1.041821157035948,-0.1716324344650934,2.343562675664822,-0.2729097814331289
618,2.012332197743374,False,1.3901724252097098,-0.17148358479640757,-1.5418808418798893,-0.27274353113115773
619,4.241508536542536,False,-4.3017254550307475,-0.1716389646400563,0.6928836629542484,-0.2729191012800904
620,2.0396661424758937,False,1.8041289066668746,-0.17143452719090463,-0.7800294257926019,-0.2726979239127658
621,1.456919338004947,False,1.2349387542043169,-0.17146301144974557,-0.6530541777547334,-0.27272987538963733
622,0.7023747701189421,False,-0.4726312838677691,-0.17130470845186813,-0.9070046703938007,-0.2725552976639501
623,1.5422426404567013,False,1.1831941983585708,-0.17150112913772558,0.4643281533004109,-0.2727684327494488
624,1.122309232865074,False,0.35528138338601367,-0.1714647036060643,0.7182787202716235,-0.2727385913752278
625,0.7663978962844888,False,-0.08454723947062875,-0.17126969357907013,-1.0339799115591537,-0.27250976593836473
626,1.3530218590062366,False,-0.7572262291610657,-0.17160013453786027,0.946834242333697,-0.2728818192675987
627,0.9283650278592055,False,-0.006930426700287177,-0.1714464489123041,-1.1863501964235268,-0.2726803906392036
628,0.7265342848119966,False,-0.317397669999099,-0.17152774776532226,0.43893309736130137,-0.2728062328754764
629,2.9219434293686333,False,-0.05867496869132367,-0.1715208304629547,-3.192558486529075,-0.27279516039624413
630,3.569756127669912,False,1.053832811272451,-0.17155878448430828,3.080019654360626,-0.2728255833959081
631,1.591156693115655,False,1.3901724252097098,-0.17141990721425854,0.0326122210715588,-0.2726858234160539
632,2.3692947671091225,False,-1.3005438036329806,-0.17140475097979402,1.810266315440664,-0.27266436423938467
633,2.7828529847671617,False,1.5195338216889656,-0.1715668704294364,1.937241633774407,-0.2728366847584593
634,2.383441318715261,False,1.2608110323438928,-0.17139321868839819,1.6325008755764483,-0.27264497633212803
635,1.701949864851799,False,0.5881318476565374,-0.17157990101465648,-1.7958312864479422,-0.2728512987565722
636,3.6469847809444604,False,-1.4816496476939478,-0.1714357629985357,3.1308097951145886,-0.272693637182398
637,1.5466648130223164,False,0.924471427797532,-0.17176116778245976,-1.364115522515805,-0.27304672599560265
638,2.9949547752469274,False,-2.749390359020145,-0.17118540423670975,1.2515749557971372,-0.27243180091086355
639,1.309022340592972,False,1.1314496430907452,-0.17145757330484668,-0.39910367136569114,-0.27272778975705647
640,2.2187578965548362,False,1.4419169833676988,-0.17131999376006796,-1.7958312864479422,-0.27256251734230325
641,4.346890320488902,False,-1.3264160675016488,-0.17128448856406492,3.91805704768948,-0.27254170002233985
642,3.291577957217575,False,2.4768082680263315,-0.17131370409672803,-2.2275470107321125,-0.27257159074235554
643,2.3709107942457455,False,-2.5424123072433265,-0.17163031438742427,-0.2975234649585516,-0.27290947173213836
644,2.4769654437262107,False,1.9852348789469312,-0.1712021902818363,-1.4910907513193357,-0.27243407944227455
645,3.5339630819936274,False,-3.240963195211023,-0.17158771042643717,-2.024386674829232,-0.2728655338619365
646,3.1860464464865275,False,2.7614034119138973,-0.17138288060418388,0.972229301030093,-0.2726213995946448
647,1.644734337304007,False,-0.5502480888575147,-0.17149874218118466,1.3277601372679055,-0.2727706241255836
648,1.5410994867773544,False,1.3643001463474882,-0.17162240213081364,-0.39910367136569114,-0.27290622023083944
649,2.307620983165074,False,1.053832811272451,-0.17113018221798593,1.6832910005613049,-0.2723573043745621
650,0.7750258950169722,False,-0.9124598283424901,-0.17165223204106667,-0.5006838755717526,-0.27294484247589557
651,3.8007169281840154,False,-2.5424123072433265,-0.17152150474405775,-3.2433485587269195,-0.2727724645872437
652,3.5056239073573763,False,1.6488952217824295,-0.17159036654549714,-3.268743594620482,-0.27287494395990386
653,0.9330940745459281,False,0.018941844511514178,-0.17168309897853185,-1.1863501964235268,-0.27294259592015946
654,2.8364181027116353,False,0.14830320273300227,-0.17136063935279722,-3.0909783404917426,-0.27263166526219723
655,2.2800139938729966,False,-1.8438613146859597,-0.17135745535809993,1.2769700161493882,-0.27260759126990536
656,1.4145316618992527,False,-1.5851386982802862,-0.17149667847258526,-0.322918516766709,-0.2727698747772352
657,2.216460827208999,False,-2.387178762385126,-0.17131155017254107,-0.22133830870838328,-0.2725680649623258
658,4.886558465151319,False,4.106762511447508,-0.17152556483342923,-2.6338676562233947,-0.27278692695777323
659,1.23249720041341,False,-1.404032858244829,-0.17178749035625868,-0.2975234649585516,-0.27305971265180395
660,2.6049405892003747,False,-2.6200290777354267,-0.17175361136216977,0.6166984918290549,-0.27304920566012136
661,1.5226983187942953,False,1.2349387542043169,-0.17157959479995277,-0.8562145729656749,-0.27285107582194096
662,3.0073435004268667,False,-1.895605836242999,-0.17175080706496132,2.1911922808079964,-0.2730368123902863
663,3.1804617788501965,False,1.6747675022349477,-0.1713727178377214,-2.8624230039021117,-0.2726160518287289
664,0.46126403313863285,False,0.17417547480979617,-0.1715154850542589,0.0326122210715588,-0.2727719116219888
665,2.8206060540584006,False,2.3474468447802925,-0.1715127083137608,-1.5418808418798893,-0.27276384046778357
666,1.2065325100978266,False,0.7433654969976655,-0.1716755172595235,-1.0593749593799255,-0.27298016328723795
667,0.9916264456651646,False,-0.8348430293994381,-0.171511346036127,0.4643281533004109,-0.2727684986382734
668,2.0781072958854594,False,-1.5851386982802862,-0.17143914492654988,-1.7958312864479422,-0.2726829531994654
669,5.9868006036167,True,4.029145629652218,-0.1715395212918872,-4.538495215040559,-0.2728154127693058
670,1.3477922672244893,False,-1.4299051215383043,-0.17129077840873402,-0.7546343764599536,-0.2725272056140662
671,2.4359464196787743,False,1.5195338216889656,-0.17171641752632505,1.4801305039367465,-0.27300918261955737
672,1.2003401559589935,False,0.8468545994455033,-0.17146796295901418,0.3627479303707676,-0.2727314723961131
673,1.4099723015091155,False,-1.404032858244829,-0.17159207495127354,-0.957794767272172,-0.27287903424465887
674,0.8214805159706594,False,-0.9124598283424901,-0.17156229173898863,-0.6276591277347373,-0.2728369406913855
675,0.7716731668892057,False,-0.5243758206716483,-0.171437288636556,0.41353804155992235,-0.27269210648792835
676,2.747815647105918,False,1.8558734694521468,-0.17164831459999474,1.5817107511441613,-0.27291533217405894
677,4.622350892974254,False,1.7265120635737392,-0.17184822019348794,-4.487705156778893,-0.2731661611176343
678,2.080324726752881,False,1.1573219206524004,-0.17155351759908072,1.3277601372679055,-0.2728139405118845
679,6.761829055678883,True,-5.517720920608726,-0.17132521406168139,3.8672668983407537,-0.2725856464914696
680,0.3815880634238875,False,0.018941844511514178,-0.17143214906849852,0.05800727480677521,-0.2726970255344722
681,2.288151203718461,False,-1.2229270111641521,-0.17157180040730874,1.7594761890745205,-0.2728337960541937
682,1.4755471645863167,False,1.1831941983585708,-0.17153678502891745,0.31195781973267184,-0.2727990461339098
683,2.782531306402414,False,1.6747675022349477,-0.17143967713831193,-2.3545222162162864,-0.27269667843464807
684,1.8456476572123273,False,1.6230229414745665,-0.17131363669355776,0.15958749112439602,-0.272575233401493
685,2.0400981096173476,False,-2.1543284354103776,-0.1718633547535212,-0.7546343764599536,-0.2731681824923832
686,1.7948879243782228,False,1.4419169833676988,-0.17134252417695284,-1.0593749593799255,-0.27260214682807843
687,3.118107623874992,False,-0.9383320943689529,-0.17117027129259077,2.7498837529637012,-0.27237448822516186
688,2.0476261848761967,False,1.8300011879871132,-0.17146669578648327,0.15958749112439602,-0.27272914691635197
689,1.827029746155202,False,0.9762159807541639,-0.17132426680503537,-1.694251110267417,-0.2725676241615357
690,3.8162448231584456,False,1.9852348789469312,-0.17143428746831485,-3.4211138071103906,-0.27270137277992884
691,1.7064532458011872,False,-0.9383320943689529,-0.17167111921672157,1.2515749557971372,-0.2729602871845283
692,3.786493077511937,False,-2.956368401618432,-0.1714435530861913,2.2927725434926467,-0.2727141172955059
693,1.4001232150255098,False,-0.08454723947062875,-0.17155928218480276,1.1245996561060267,-0.2728156085565953
694,3.28636411116602,False,1.286683310628054,-0.17155625995358853,-3.21795352269645,-0.2728347327508748
695,0.7504467224881668,False,0.3294091102995722,-0.1712322504747424,0.2865627646202197,-0.27247001604269827
696,1.2485765921031087,False,0.4328982035109602,-0.17144190453807728,0.819858950920145,-0.2727136585367385
697,2.3393319044068117,False,-0.8607152958577676,-0.17161713076303026,1.9626366978557475,-0.2728975853625715
698,1.3959494822375174,False,-1.5592664358492851,-0.17176503672542953,-0.11975809844822427,-0.2730635885808732
699,2.326248935878045,False,-0.6019926247973808,-0.1713676173723822,2.0134268264330615,-0.2726161976258736
700,2.542669683643955,False,1.1314496430907452,-0.1712903095644333,-2.456102378136905,-0.27252014607770403
701,0.32064841547990375,False,0.14830320273300227,-0.1713717640558819,-0.2975234649585516,-0.27262599770702806
702,4.159595178204483,False,3.718678115542473,-0.1717522367586194,-1.7450411986321106,-0.27304542481077854
703,0.32803438452817046,False,-0.44675901524968625,-0.17144372188393675,-0.09436304553911588,-0.27270627610803166
704,3.3171582035854916,False,-3.4220689639246076,-0.1713946937099975,0.3881429858964797,-0.27265394397629766
705,2.1032312943376086,False,1.8817457510616957,-0.17130248026141892,-0.7292393269899181,-0.2725462978464862
706,1.8711571798268736,False,-0.42088674648771773,-0.1714967439842311,1.5817107511441613,-0.27275179670491645
707,2.238565509749441,False,1.9334903147149682,-0.17129543968092742,0.4897232093772508,-0.2725403061636227
708,1.4324452607118716,False,0.5363872990308136,-0.17168492445257466,0.972229301030093,-0.2729718060965296
709,1.3664609995133248,False,0.5363872990308136,-0.17149814715675377,0.8960441253545081,-0.27276391448563975
710,4.98952575071276,False,-4.870914861175496,-0.17159857293624037,1.4039453199811316,-0.27289463287053684
711,6.322868695033532,True,5.141654393727844,-0.17148472428230171,-3.700459183889888,-0.2727457415249482
712,1.457447342921717,False,0.6657486716775876,-0.17146708777668113,-1.4656957058332527,-0.27270816041512536
713,0.466606997544269,False,0.27766456455939537,-0.17152189423550607,-0.39910367136569114,-0.27280035428183386
714,1.583653633874625,False,-0.9642043602516001,-0.1713330717199698,-1.6434610213537926,-0.27258209659159055
715,0.7303781094993316,False,-0.006930426700287177,-0.1714117934755499,0.43893309736130137,-0.27268173632895526
716,4.3800424324026865,False,-2.5424123072433265,-0.1713801552028048,3.410155579166577,-0.2726388785512484
717,3.8508247580087116,False,-1.7662445312730422,-0.17138645234259542,3.2323900782844106,-0.2726457287021916
718,2.5730342494494507,False,-2.206072953520807,-0.17138755170552716,1.3023650766396442,-0.2726132438847342
719,0.08726743338393533,False,-0.08454723947062875,-0.17176327158119725,-0.27212841301280105,-0.2730813775773681
720,2.010258716344802,False,-0.03280269776778321,-0.17159937415392224,-2.278337093336982,-0.27287652575379
721,1.0186106399620563,False,0.820982323616981,-0.1715060672931928,-0.043572939307845095,-0.272773302810686
722,4.132496471637596,False,-3.3703244592940993,-0.1716291025142087,2.343562675664822,-0.27289841435103457
723,2.954514667067979,False,-1.6368832227109809,-0.1714327331448799,2.2927725434926467,-0.2726922952081525
724,2.691271519027871,False,1.6230229414745665,-0.17118628690426724,-2.278337093336982,-0.272410336184258
725,4.777395443339114,False,-0.006930426700287177,-0.1711957156891043,4.502143805101981,-0.2724253794828101
726,4.17829120273648,False,3.899784162898649,-0.17137302267903154,0.6674886057746037,-0.27261413205412593
727,0.3684021867528237,False,-0.26565313089039166,-0.1714979639837449,0.08340232867958475,-0.27276231571681164
728,5.963021165171959,True,-3.8101527303949467,-0.17167913927797612,4.451353649367875,-0.27295825256582285
729,3.295177890326273,False,3.123615438585766,-0.17146901271281761,-0.2975234649585516,-0.2727366584336652
730,2.9202522986229127,False,-0.13629178059688257,-0.17128975348075404,-3.192558486529075,-0.27251699649366107
731,0.7469637000130837,False,0.5105150249344448,-0.17127953426410208,0.0326122210715588,-0.272516657075361
732,3.469219441213292,False,3.2012323051411418,-0.1716640811235759,-1.0847700070634474,-0.2729523483664947
733,1.6833916494015237,False,0.8727268754184709,-0.17106551481994076,1.048414477947243,-0.27229568206395105
734,1.631216346429603,False,-1.6627554847108148,-0.17137897965605986,0.3881429858964797,-0.2726584949184781
735,1.3300131611834975,False,0.7692377723930621,-0.17146726893049824,0.6674886057746037,-0.2727280288451407
736,3.689136226716292,False,0.7174932217466442,-0.17110277074661656,-3.852829382435173,-0.27231226346306187
737,1.3061878304209535,False,-1.3264160675016488,-0.1714728902452045,0.3373528749827858,-0.27275518119665537
738,4.999700318245287,False,4.313740869294023,-0.17176185107431602,-2.4814974182745013,-0.27304696566502157
739,0.6598783298061315,False,-0.18803632114654464,-0.17146522639301304,-0.9323997189016456,-0.2727306285361743
740,1.2488696639676315,False,0.8727268754184709,-0.17154330720844885,-0.957794767272172,-0.2728316707079326
741,3.4218469727907905,False,-3.577302474378615,-0.1713702094671793,-0.6022640775772168,-0.2726302488466219
742,4.1726516651363506,False,-1.404032858244829,-0.17145163768931498,-4.259149887845875,-0.27270244608172034
743,4.026143630585929,False,-2.1543284354103776,-0.1714059389249208,-3.776644283777477,-0.2726681921880486
744,0.6789777797647495,False,0.27766456455939537,-0.17181431182380058,0.23577265480864396,-0.2731089577403676
745,4.242210027525978,False,3.227104594282897,-0.1714529833182904,-2.8116329275985814,-0.2727059513242786
746,3.192743318490504,False,-3.3444522067640663,-0.17166016947661583,0.08340232867958475,-0.2729648370998974
747,4.191957209782413,False,-1.0935656875061317,-0.17155850826384617,3.816476749546931,-0.27282700091353085
748,3.6620781780282345,False,2.606169694893014,-0.17155123438543257,-2.6592626954020964,-0.27282579952128744
749,1.1391336032679835,False,-1.3005438036329806,-0.17155811427880358,-0.4244987226236134,-0.2728055432449406
750,1.4869301936152606,False,1.2349387542043169,-0.17186939100893822,-0.7546343764599536,-0.2731552123909746
751,2.178630408022361,False,-0.8089707627972929,-0.17183199879682265,1.810266315440664,-0.2731102435888795
752,2.4456125141341025,False,0.22592001939616,-0.17144878409149905,2.1404021502953157,-0.27271138046245386
753,2.4447848023688605,False,2.2698299925703904,-0.1716991798242113,-0.39910367136569114,-0.27300019314580104
754,2.749345311638217,False,2.3733191291399662,-0.1714938038318417,-1.3133254300332045,-0.27273753886512525
755,2.2558549416001985,False,-0.6278648925513105,-0.1711368918562839,-2.4814974182745013,-0.2723660163681234
756,2.186403271931735,False,-0.29152540051679304,-0.1716904853583303,-2.456102378136905,-0.2729869905110689
757,2.6165729558365634,False,2.2180854251543374,-0.1715219677568336,-1.3387204763431295,-0.27278061188064473
758,2.1905543969234373,False,0.3294091102995722,-0.17152999116927148,-2.405312297450649,-0.2728050521262691
759,3.8803015637577745,False,1.9076180328159695,-0.17131592918270633,3.0038344442687714,-0.2725611623130942
760,1.6884484999523532,False,-1.2229270111641521,-0.17127669597231537,1.048414477947243,-0.27252518174426693
761,3.139414870969628,False,-2.050839397466738,-0.1714894538211582,2.2419824118737965,-0.2727677838098488
762,0.49686147262470803,False,0.14830320273300227,-0.17157111593601515,-0.6530541777547334,-0.27285657544092057
763,4.047830722914571,False,2.632041980700987,-0.1717021542666436,-3.192558486529075,-0.27297948300914027
764,3.279421707545911,False,0.9762159807541639,-0.1716972039297382,-3.3449287014808977,-0.2729762174316849
765,2.707510905063043,False,1.7782566254911512,-0.17157423225720525,-2.1513618857967387,-0.2728589586031827
766,5.585958037577061,False,-3.1116019275459847,-0.17168705496527353,4.476748727165616,-0.2729690823005924
767,3.643152154722096,False,3.2529768835697963,-0.17118423705807057,-1.516485796668306,-0.27243576713496037
768,0.7011380283274338,False,-0.6796094276270933,-0.17138893793660903,0.21037760010945175,-0.272637463010292
769,2.0092521115014184,False,-1.6627554847108148,-0.17128725189274702,1.0738095371955907,-0.27252244595068653
770,3.4791679995913043,False,0.924471427797532,-0.17153005872888266,3.029229514160881,-0.2727984574231904
771,1.3187923379706397,False,1.1314496430907452,-0.17173834219226686,-0.4752888247266098,-0.27303879636706263
772,1.9184995997856735,False,-2.0767116571679693,-0.1717670559399766,-0.5006838755717526,-0.27305951432964937
773,3.0685594514353505,False,-0.5243758206716483,-0.17165175330783256,2.7752788214710913,-0.2729400106338615
774,1.6962398980861897,False,0.924471427797532,-0.1710939891264926,-1.5672758869542227,-0.27230711232149984
775,3.883337898798502,False,-4.0430029748180285,-0.17158217845057305,-0.5768690272821031,-0.2728740271894389
776,4.040574507624926,False,-0.006930426700287177,-0.1714593189150554,-4.3099399485641685,-0.27271680384780317
777,2.3154738917654387,False,0.3294091102995722,-0.17138972681162062,1.988031762075299,-0.2726356008584211
778,2.152609555622889,False,-1.6110109605675413,-0.17119017000879216,1.3277601372679055,-0.27243606659766195
779,1.4700177972940693,False,1.2608110323438928,-0.17150592232775508,0.05800727480677521,-0.2727784430890038
780,2.51659067570548,False,-2.1543284354103776,-0.17153590153813658,1.2769700161493882,-0.2727908460662123
781,2.6850091586950287,False,-0.9642043602516001,-0.17122600441132235,2.2927725434926467,-0.2724658227417334
782,0.9882525062853623,False,0.4587704771744831,-0.17160612867579456,-1.0339799115591537,-0.27288543068880483
783,2.3250343430381357,False,-0.42088674648771773,-0.17155939071963,2.0388218909289666,-0.27280397340811
784,2.447340043640766,False,1.8558734694521468,-0.17186207930575687,-1.6434610213537926,-0.2731560364169807
785,5.988898046749431,True,-0.9124598283424901,-0.17129004743587872,5.670317540445848,-0.2725403251397119
786,3.069658974137837,False,-0.8348430293994381,-0.17136584577442782,2.724488684594522,-0.2726100284363841
787,0.5087587318125313,False,-0.6796094276270933,-0.1714567847849814,-0.2975234649585516,-0.2727262147712442
788,1.4076335664363488,False,0.3811536566167605,-0.1713759739026431,-1.5672758869542227,-0.2726176486313192
789,1.3529123447268927,False,0.5105150249344448,-0.17127330762104243,0.8960441253545081,-0.27251417623942814
790,1.5133559713094664,False,1.3384278676297816,-0.17156161155636157,-0.3737086199703131,-0.2728344329524803
791,1.0434517291153789,False,-0.4985035523418264,-0.17129192786038178,0.7182787202716235,-0.272537601550947
792,1.6573000410582852,False,1.0279605342886469,-0.17160534649864417,0.8706490670718526,-0.2728903220519371
793,3.7572102004170094,False,3.4082106223371342,-0.17096769283401064,0.8706490670718526,-0.27218440520105835
794,2.5668452654298424,False,0.20004774703082542,-0.17123330696386685,2.267377477614082,-0.27247176040619236
795,2.316240214646292,False,-1.5592664358492851,-0.17150515006592842,1.5817107511441613,-0.2727663330787231
796,3.2580227480601938,False,1.4160447042164468,-0.1716110731005967,2.5721182772866866,-0.27288737152980247
797,2.9875801247786904,False,0.3294091102995722,-0.17138707858525182,-3.21795352269645,-0.2726462066461914
798,1.5792136568861028,False,0.3294091102995722,-0.17149524879601113,-1.7704362426085827,-0.2727682495529241
799,1.8563039966389396,False,1.1831941983585708,-0.17141158145753627,-1.5418808418798893,-0.2726663824003518
800,2.541362827226609,False,-2.5424123072433265,-0.17138472693537676,0.6420935487328954,-0.2726469016815419
801,2.221171130313431,False,-0.3950144775816538,-0.17136472845621864,1.937241633774407,-0.27264008092144876
802,1.6910284017046833,False,1.2349387542043169,-0.17126577450754904,-1.2117452434201816,-0.2725132304046519
803,2.277191144197633,False,1.3125555890567302,-0.17134323767534732,1.4547354424801116,-0.2725860310273008
804,4.003627070502762,False,3.2788491730017006,-0.1712276026101197,-2.303732134433886,-0.2724795915045999
805,2.9563741069024907,False,2.5544251237118023,-0.17176068030364022,0.8706490670718526,-0.273048654060068
806,2.4008889740708717,False,-0.42088674648771773,-0.17162959504278935,2.115007085246429,-0.272906986620749
807,0.4718546080698832,False,-0.29152540051679304,-0.1716016198120094,-0.7292393269899181,-0.2728821335788237
808,2.525012348729154,False,2.2439577087899667,-0.17143664882071724,-1.0085848636008574,-0.2726807738471699
809,5.005641163918445,False,-5.026148323577091,-0.17130067570007484,0.946834242333697,-0.27254723655169166
810,4.225292090051101,False,3.0201262852087822,-0.17157123704471722,2.4959330755008837,-0.2728496852849125
811,2.2805692422679824,False,2.0887240091473473,-0.17132964294133318,0.0326122210715588,-0.2725891324114936
812,5.765506630532163,False,-4.689809148541142,-0.1716529943559244,3.308575292116684,-0.27295065984088496
813,1.4710422991602188,False,0.6140041221858921,-0.1713719961118298,-1.516485796668306,-0.2726426668355003
814,1.407115418813247,False,1.0279605342886469,-0.17128497588287855,-1.0085848636008574,-0.27253017672955576
815,3.314548545109902,False,-2.6200290777354267,-0.17154100770727787,-2.5068924582751224,-0.27280746662428074
816,4.459667146272926,False,4.029145629652218,-0.17154431666744108,-1.7704362426085827,-0.2728268541103614
817,1.0693103341745478,False,-0.23978086111982483,-0.17142977070534765,0.7944638930512302,-0.27265784408077376
818,1.6139531884002993,False,1.4419169833676988,-0.17122091995517252,-0.22133830870838328,-0.2724823382649216
819,1.1267679662625814,False,-1.2746715396204968,-0.1714519683455904,-0.043572939307845095,-0.27272613739125284
820,1.2252552580208598,False,-0.44675901524968625,-0.17121344759952417,0.9214391837751686,-0.27242630345394914
821,1.6979864976823498,False,-1.7662445312730422,-0.17160441708620494,-0.8562145729656749,-0.2728816379833888
822,3.3184357698330134,False,2.580297409229976,-0.17155477879551767,1.5817107511441613,-0.2728305797302898
823,2.263579918876923,False,1.9852348789469312,-0.17172145934246663,0.41353804155992235,-0.2729878690580361
824,1.9093406241135258,False,0.4587704771744831,-0.17159805402672262,-2.0751767596275585,-0.27289601242473593
825,4.63207609288236,False,-1.5592664358492851,-0.17140316392642158,4.146612726627352,-0.2726589263897208
826,3.7016891102481875,False,-1.7403722698479815,-0.17147951777403925,3.080019654360626,-0.27275182618988647
827,3.625467313892478,False,2.683786552751459,-0.17148758975737732,-2.5068924582751224,-0.27274371606910275
828,5.465051780047725,False,4.36548546020876,-0.17139357396510252,-3.3195336659975743,-0.2726472517786047
829,1.060463080465363,False,-0.3691422085315643,-0.17156482214258584,0.7690688353201144,-0.2728240482975403
830,1.601351593025931,False,0.924471427797532,-0.17130689846183805,-1.4403006602097828,-0.27257252480525523
831,1.9154798917438693,False,1.053832811272451,-0.1714184057194431,-1.7450411986321106,-0.2726891799735203
832,3.688057755189271,False,-3.2668354483142203,-0.17165642754115007,-2.278337093336982,-0.2729367777919107
833,3.0681710224647407,False,1.6230229414745665,-0.17111094785020803,2.2165873462717225,-0.2723351398926986
834,1.0140019591721785,False,0.044814115867411006,-0.1712084252702718,0.7182787202716235,-0.27243922037558327
835,4.270383649689402,False,-1.5592664358492851,-0.17167640040418758,3.7656866013079435,-0.2729722368873151
836,1.7703583317860923,False,1.5454061014184182,-0.17173535542442353,-0.7038442773823581,-0.273046367998695
837,1.045343162917647,False,0.8727268754184709,-0.17140630826347175,-0.322918516766709,-0.27266156096586264
838,3.4087914652477385,False,-3.2927077012740917,-0.17159487569517862,-1.6434610213537926,-0.2728732463549163
839,0.5994939463240604,False,-0.6537371601612146,-0.1716210220719781,0.08340232867958475,-0.2729022897833636
840,1.3081882232996127,False,-1.3005438036329806,-0.171706324618297,0.3881429858964797,-0.27296750755720367
841,1.8275976564234604,False,0.6140041221858921,-0.17125820575021866,-1.9228065035868853,-0.27251392328564666
842,3.117990924376647,False,2.4250636982934193,-0.17140751551702832,-1.9989916322242969,-0.27266540958948665
843,1.2207917457039448,False,0.9503437042036953,-0.17114524009226828,-0.7546343764599536,-0.27237211473014766
844,1.6730352931253458,False,1.1573219206524004,-0.1715228264006055,0.7436737777269351,-0.2727992957038996
845,2.2257897632074446,False,-0.8089707627972929,-0.17149407604276978,-2.405312297450649,-0.27276400661484096
846,4.504795458350171,False,-4.068875223482945,-0.1716496365539914,-2.5322874981387,-0.2729061426306323
847,1.7211841156634085,False,-1.2746715396204968,-0.17147058951706784,1.048414477947243,-0.27272918277652647
848,3.7251259107391026,False,2.5544251237118023,-0.1714479697862646,-2.8116329275985814,-0.27270070995439427
849,2.3051839206864173,False,0.12243093080030386,-0.17164140237159548,2.0134268264330615,-0.27292156138841156
850,1.323094835124482,False,-0.23978086111982483,-0.17163222288238522,1.048414477947243,-0.2729228562425666
851,2.2458879708537642,False,0.044814115867411006,-0.1715326753846408,1.9626366978557475,-0.27280626644164074
852,1.2765097024018375,False,1.0797050884007007,-0.17139552355432364,-0.526078926279371,-0.27265934960676685
853,1.1280400498288639,False,-0.7572262291610657,-0.17169695148229142,-1.2371402902794493,-0.2729727082073648
854,2.2337343369814158,False,1.700639782832121,-0.17173620160353942,-1.4910907513193357,-0.27299483940114255
855,0.2982688197657397,False,0.12243093080030386,-0.17138847267899482,-0.22133830870838328,-0.27263659375388966
856,3.0650658184442405,False,2.8907648467494793,-0.17170471958428446,-0.39910367136569114,-0.2730020111938955
857,0.8678279534769855,False,-0.9383320943689529,-0.17128953305262662,-0.6784492276372737,-0.27253841919391353
858,1.7522090548572893,False,1.1573219206524004,-0.1713798427026451,-1.4149056144490628,-0.27263373956107734
859,3.453393869573965,False,2.709658838994027,-0.17129482862220402,-2.1767569275789302,-0.27254368789612293
860,1.6000858409616343,False,-1.6886277465669726,-0.17151064462966042,0.23577265480864396,-0.2727832201173843
861,3.836682276857134,False,1.9076180328159695,-0.1715907209315663,-3.4972989115090294,-0.272858273020705
862,2.369242445214215,False,-0.3691422085315643,-0.17159297016578767,-2.6338676562233947,-0.2728760077334035
863,1.123472683314106,False,-1.041821157035948,-0.17149145138453437,-0.9831898155051739,-0.2727565158278444
864,1.1708035390328229,False,-0.23978086111982483,-0.17148360825521874,0.8960441253545081,-0.27276530006948785
865,1.5349135279802482,False,-1.2746715396204968,-0.17154168271438763,0.7944638930512302,-0.2728041668388365
866,3.442672695559936,False,-1.145310217400843,-0.17159079614543737,3.029229514160881,-0.27287026543538595
867,0.791246195536119,False,-0.08454723947062875,-0.17164596826400857,-1.0593749593799255,-0.2729395434565413
868,0.8147772743868649,False,0.48464275098231124,-0.1714659377166592,0.21037760010945175,-0.2727177512567179
869,1.1702943249646915,False,0.7951100479328339,-0.1717722096357973,-0.9323997189016456,-0.27307087779077727
870,1.2078491286445805,False,0.018941844511514178,-0.17171362147670266,-1.4656957058332527,-0.2729934597292773
871,2.5291334942279113,False,-2.387178762385126,-0.1715704268090138,0.946834242333697,-0.2728345783678896
872,1.4948743493680037,False,-0.7054816949490863,-0.17139333940938195,-1.668856065879264,-0.27264828118941803
873,1.1907356070887762,False,-1.352288331226431,-0.17141185952042404,-0.11975809844822427,-0.27266190460875295
874,3.2872622735213337,False,2.1663408583173243,-0.17120831617009208,2.0388218909289666,-0.2724428028552871
875,2.8963352468140062,False,0.22592001939616,-0.17156874353227802,-3.141768413784153,-0.2728387383891478
876,2.2556976811238956,False,-1.5592664358492851,-0.17144982519586077,1.5055255655313866,-0.272713857298698
877,1.6172332466528763,False,-1.6110109605675413,-0.17154971844751538,0.4643281533004109,-0.27282360976454256
878,2.1361172128495673,False,-1.8697335755363174,-0.1716047115129264,1.023019418836969,-0.27287827501636297
879,1.9044501542063326,False,0.5105150249344448,-0.17140753412808213,1.5055255655313866,-0.272650248752996
880,2.6597192739831454,False,-1.041821157035948,-0.17162922509121809,-2.786237889241525,-0.2729001810176553
881,0.6301885294906342,False,-0.5761203568994955,-0.1714953215806208,0.21037760010945175,-0.2727516051170784
882,2.1119017041605233,False,1.571278381292596,-0.17126930907210502,-1.4656957058332527,-0.27252927330285076
883,1.604794816161025,False,-0.05867496869132367,-0.17175454314715433,1.3277601372679055,-0.27304136873425405
884,2.7689220411883144,False,-2.3354342462844087,-0.17134970903067176,1.4547354424801116,-0.2725929323886153
885,2.856145573938425,False,2.2439577087899667,-0.1714443084632467,1.2515749557971372,-0.27269483284150714
886,0.483110025772317,False,-0.16216405094376135,-0.1713961902618525,0.21037760010945175,-0.2726412608680787
887,1.8534041764679403,False,-0.16216405094376135,-0.1713320226319553,-2.125966843877435,-0.27258676040204477
888,1.6585005683854062,False,-1.7662445312730422,-0.1717334661058308,-0.7292393269899181,-0.2730107194748331
889,3.7775750011831035,False,1.571278381292596,-0.17145810287195323,-3.6242740827723376,-0.2727161477212664
890,2.6893814492053343,False,-2.387178762385126,-0.1715918142623699,1.2515749557971372,-0.27287396158983407
891,1.167383852250984,False,-1.2746715396204968,-0.1713524995211972,0.10879738269012472,-0.2726052773543724
892,2.5793262838861226,False,0.09655865901177087,-0.17136121216528344,2.2927725434926467,-0.27260059006638804
893,0.7858279829861001,False,-0.44675901524968625,-0.17134011939521604,-1.0085848636008574,-0.27260626063644655
894,3.3908696446641504,False,3.1494877272925765,-0.1714551777199747,-0.957794767272172,-0.2727156231703472
895,1.5644699015775079,False,1.2349387542043169,-0.17166593706778077,-0.957794767272172,-0.27294323163473494
896,0.5725893808548559,False,0.17417547480979617,-0.17155335405197186,-0.7292393269899181,-0.27281164062825874
897,2.1264595380016997,False,1.571278381292596,-0.1717867945300635,-1.4910907513193357,-0.27308454481859007
898,1.6414551360606535,False,-0.7830984960511921,-0.1713797534403933,-1.7958312864479422,-0.27262024143141683
899,4.590536922350876,False,-4.5604479209442985,-0.171473702020302,-1.6180659766912087,-0.272728687889565
900,1.1641042420310501,False,-0.3950144775816538,-0.17126429735768584,-1.4149056144490628,-0.272511026736532
901,2.3248397687504183,False,-1.3005438036329806,-0.1715674476298324,1.7594761890745205,-0.27283506419327924
902,1.3825643986919347,False,1.1573219206524004,-0.1715319036636157,0.10879738269012472,-0.27281905003811247
903,5.2494762704638225,False,5.064037494484061,-0.17154876453721019,0.10879738269012472,-0.2728253744327084
904,3.6712080107873426,False,-0.7054816949490863,-0.17153694134534925,3.3593654353644187,-0.27280597547799346
905,1.7259132376013135,False,-1.507521910556116,-0.17159367515566876,0.819858950920145,-0.2728759869791575
906,3.0492900822199878,False,0.5105150249344448,-0.1716417897069223,2.6990936163638977,-0.2729133021185249
907,1.1515108288465776,False,-1.2487992754641974,-0.1716576643092338,0.1341924368383265,-0.27290688134702007
908,1.6514535363730052,False,-0.16216405094376135,-0.17160396129390704,1.3785502589386491,-0.27287489597842074
909,3.808432153235848,False,1.9334903147149682,-0.17132438803307348,-3.4465088420466374,-0.27256722043344506
910,1.677332256198371,False,-1.792116792554357,-0.1714530681810471,0.15958749112439602,-0.27272153452277836
911,1.050960932127704,False,-0.03280269776778321,-0.17141913389908908,0.7690688353201144,-0.2727091618879761
912,0.6922590079616054,False,0.4070259299917427,-0.1711746126199412,-0.6530541777547334,-0.27240915675534466
913,2.186999056542963,False,-1.895605836242999,-0.17141164463601277,-1.6180659766912087,-0.2726601855518214
914,1.9877375936249386,False,0.7174932217466442,-0.17122424400757047,1.5055255655313866,-0.2724703367071232
915,1.4494023904825986,False,-0.11041951010576842,-0.17147063467121787,1.1753897755685518,-0.27272553512097986
916,2.647918539288968,False,0.48464275098231124,-0.1713493251858828,2.2927725434926467,-0.2726012519604085
917,0.9991623478392628,False,0.3294091102995722,-0.17176765180000608,0.5913034350630821,-0.2730661044340088
918,2.493753460657367,False,-1.041821157035948,-0.17147349288330216,2.06421695556322,-0.2727252555260253
919,0.5109073165476203,False,0.3294091102995722,-0.17140323701321397,-0.3737086199703131,-0.27266030567517974
920,1.6941063556060993,False,1.0797050884007007,-0.17152807220430905,-1.4149056144490628,-0.27279786742363776
921,3.1303824315994415,False,2.1663408583173243,-0.17163510681908722,-2.3545222162162864,-0.2728991358403937
922,3.62037697285095,False,2.9683817093902145,-0.1713301681633141,-2.0751767596275585,-0.27258603324265335
923,4.0077499246243065,False,1.9852348789469312,-0.17136709971514524,3.1054147246682615,-0.27262076447435296
924,2.4648744484935765,False,-2.2836897296095477,-0.17126073177584678,0.9976243598645628,-0.2725095416183281
925,2.023545401205349,False,0.5105150249344448,-0.17141665509754284,1.6325008755764483,-0.2726770627215441
926,2.0785932030655103,False,-2.180200694537325,-0.1712949492616747,0.26116770964556657,-0.2725370298329436
927,0.5594129052091033,False,-0.16216405094376135,-0.17150338131461368,0.2865627646202197,-0.2727707663960034
928,0.8428413632056911,False,0.6398763968595522,-0.17159116505575162,-0.5006838755717526,-0.27287020348998015
929,1.3707663914578059,False,1.0797050884007007,-0.17166667119059315,0.2865627646202197,-0.272958486799706
930,1.4974897822111275,False,-0.9642043602516001,-0.17163485526034172,0.9976243598645628,-0.2729291420292162
931,2.2876106633473126,False,0.5105150249344448,-0.17117463319332726,-2.456102378136905,-0.2724259220901718
932,3.288469733009394,False,-3.4479412160249425,-0.1714022841225986,0.007217167474072828,-0.2726452698324188
933,1.5770223457125618,False,-1.507521910556116,-0.1713202510776568,-1.110165054609651,-0.2725740229997639
934,2.1091566207566856,False,1.4936615421040982,-0.1714675508406749,-1.5672758869542227,-0.27271641505395433
935,0.33727387734198694,False,-0.4726312838677691,-0.17144797813457868,-0.4244987226236134,-0.2727077767924211
936,1.5246203214437306,False,0.7433654969976655,-0.17151225258965996,0.946834242333697,-0.27278221890171583
937,4.589794646676751,False,1.5195338216889656,-0.17143723822613732,3.9942422727531697,-0.272703944719049
938,1.7015861187378638,False,1.4677892626635358,-0.17139043919309044,-0.7292393269899181,-0.2726406415048063
939,2.30040395187694,False,0.09655865901177087,-0.17169071460787017,-2.5576825378652335,-0.272974212202875
940,1.0254486055579282,False,0.09655865901177087,-0.17150139786797375,-1.26253533700133,-0.27274506674489163
941,0.6903576603857435,False,-0.5761203568994955,-0.1715853635692935,0.2865627646202197,-0.272847843752178
942,3.741240603413592,False,3.3823383321798564,-0.17160121407454315,0.8960441253545081,-0.27288360345451323
943,0.9774686187838211,False,-0.7830984960511921,-0.17151500278746395,0.4897232093772508,-0.2727782129758253
944,1.2937807848934562,False,0.7692377723930621,-0.1713807640929199,-1.1609551492895533,-0.2726408736390627
945,0.22191662985096117,False,0.044814115867411006,-0.17109861762756895,-0.22133830870838328,-0.27234095566695754
946,1.6418848134778259,False,1.1573219206524004,-0.1715255710087717,-1.2371402902794493,-0.2728017573964083
947,2.1904208477620637,False,0.3294091102995722,-0.1717030012039084,-2.405312297450649,-0.2729848738517065
948,3.644565949445744,False,1.1314496430907452,-0.17158578773326055,3.1308097951145886,-0.272858246953263
949,2.144290253742588,False,-0.3950144775816538,-0.1714511772205219,-2.405312297450649,-0.2727086622362521
950,3.0178244636789002,False,1.571278381292596,-0.17136304137643427,2.1911922808079964,-0.2726381713374218
951,5.596799750593768,False,-3.7325359796779214,-0.1714347381157454,4.045032423489363,-0.27268958311297453
952,0.2605164613356203,False,-0.11041951010576842,-0.1715705545743571,-0.526078926279371,-0.2728460541996665
953,1.940141852978543,False,-2.050839397466738,-0.1714928325051353,-0.7546343764599536,-0.2727575636457
954,1.9358173944917227,False,-0.7313539621270538,-0.17157423091869395,-2.125966843877435,-0.27285235654109546
955,3.10466556569159,False,-1.2229270111641521,-0.17168716819312818,2.6483034803178307,-0.27296929146496823
956,0.9847416579581706,False,-0.9642043602516001,-0.171179163034463,-0.8562145729656749,-0.2724254479385737
957,1.0811418129849926,False,-0.3432699393373095,-0.1716939156680644,0.7944638930512302,-0.272972003603861
958,0.9459323833261531,False,0.7692377723930621,-0.1712609390392179,-0.3737086199703131,-0.272516556896228
959,2.3071242889960346,False,-0.8348430293994381,-0.17113870627384647,1.937241633774407,-0.2723515835771442
960,1.1617834957000912,False,-1.3264160675016488,-0.17152085251626525,-0.39910367136569114,-0.2727868392936673
961,1.0299609372608651,False,0.25179229190566,-0.17155844897469713,-1.2117452434201816,-0.27281536825234254
962,1.9384536588190002,False,-0.3432699393373095,-0.171671080272508,1.6578959379998055,-0.27294524806380854
963,3.0553513151499163,False,2.2180854251543374,-0.1712431459326173,-2.1767569275789302,-0.27247996101218014
964,4.576880632413045,False,4.106762511447508,-0.17155847239012095,1.3531551980341718,-0.2728221841282866
965,3.2980406442424663,False,-1.3005438036329806,-0.1714033594366764,2.8260689589013284,-0.2726584285621638
966,2.6883589021398797,False,1.1573219206524004,-0.17149964305074045,2.06421695556322,-0.27276944983609513
967,3.485841737708776,False,-1.8179890536920662,-0.17130478427905838,-3.3449287014808977,-0.27254895005692636
968,2.5641031705423147,False,-2.6200290777354267,-0.17152032693475666,-1.0339799115591537,-0.2727787282255797
969,2.6192330836810624,False,1.9593625967585522,-0.17157959785323462,-1.7958312864479422,-0.2728525716661298
970,1.5904175388303323,False,1.286683310628054,-0.171325148622533,0.3627479303707676,-0.2725740045254585
971,0.42857738708698595,False,0.17417547480979617,-0.1716504476414908,-0.526078926279371,-0.27294126072328867
972,1.682891026396713,False,-0.317397669999099,-0.1713151800464634,1.4039453199811316,-0.27259093369874615
973,3.841498012650363,False,-2.5424123072433265,-0.17122815247472656,2.7498837529637012,-0.2724633062819525
974,1.641579175723059,False,-0.7830984960511921,-0.17127589983258068,-1.7958312864479422,-0.272530166636154
975,6.14907626252068,True,4.6759530179084345,-0.1717908179454704,-4.055989639511062,-0.2730678318577771
976,1.6369324280317428,False,-1.4557773846880337,-0.1715883595811148,-1.2879303835858922,-0.2728441245731214
977,1.4749603360326995,False,-0.11041951010576842,-0.17161764467792173,1.200784835506719,-0.27290428873632483
978,2.027624518436678,False,1.8041289066668746,-0.17142855576211985,-0.7292393269899181,-0.27269580807947524
979,2.915825762799004,False,-2.956368401618432,-0.1715189112280187,0.5913034350630821,-0.2727864795829903
980,0.7438731512579264,False,0.5363872990308136,-0.17134844419062734,-0.043572939307845095,-0.2725993581285915
981,0.8024831598318255,False,0.14830320273300227,-0.17124541775665952,-1.0085848636008574,-0.2724742419089959
982,3.9917723451759604,False,2.864892559492507,-0.17164165826455152,2.31816760950956,-0.27291313824055535
983,2.5810428989437115,False,1.6230229414745665,-0.1717988872711348,1.5817107511441613,-0.273116900333807
984,2.8950879294038905,False,1.571278381292596,-0.17160140643947508,2.0388218909289666,-0.2728654985784417
985,2.143622821078014,False,1.9334903147149682,-0.17136519499145186,-0.6784492276372737,-0.2726187019846494
986,0.28996114005363577,False,-0.03280269776778321,-0.17152304343677943,-0.018177885985682696,-0.27280115027512125
987,5.836041295385045,False,-5.776443319410021,-0.17144429075204082,1.3531551980341718,-0.2726864522594717
988,6.2957910464292155,True,4.313740869294023,-0.17147161049722554,-4.690865386550923,-0.27273767778950214
989,2.9242007053053745,False,0.5105150249344448,-0.17156293859748128,-3.116373377206401,-0.27283391122802364
990,2.0592001070453763,False,-0.08454723947062875,-0.17123812256521742,1.784871252188521,-0.27249995332038157
991,1.5138360403104818,False,-1.507521910556116,-0.17131519920794042,0.43893309736130137,-0.27257551322497087
992,3.2154621495591265,False,-2.7235181030501474,-0.17127496452661822,1.6832910005613049,-0.2725317035078408
993,0.45916836252152965,False,0.14830320273300227,-0.17151771080127742,-0.6022640775772168,-0.272796140530016
994,2.6464830323398982,False,2.4509359830875477,-0.1714742711343722,0.08340232867958475,-0.2727370750149342
995,3.9027515355071025,False,-1.5333941732746084,-0.17139947516263637,3.3847605071962206,-0.2726204862796908
996,1.8826965400643232,False,1.0020882574492178,-0.17185933206102827,-1.7450411986321106,-0.2731799469635608
997,1.700290586145212,False,-1.4299051215383043,-0.17175046381106657,0.8706490670718526,-0.2730387342393118
998,4.067593123330232,False,-1.6627554847108148,-0.17131167658869595,3.511735868434095,-0.2725610392917315
999,1.0877512729168752,False,0.3294091102995722,-0.17144539011780963,0.6928836629542484,-0.2726966796894321
1000,1.8488803830291463,False,1.6747675022349477,-0.17134390376565684,-0.3737086199703131,-0.27257945553007384
1001,1.577396829016897,False,0.12243093080030386,-0.17152591756931862,1.2769700161493882,-0.27279390165010337
1002,2.132381446702774,False,-1.9214780968060052,-0.17144368009654137,-1.4910907513193357,-0.2727194739967821
1003,2.2069687133435467,False,0.6916209466398583,-0.17117986356684495,-2.303732134433886,-0.2724096963590643
1004,1.653628502863525,False,-1.792116792554357,-0.17162174940043573,-0.6022640775772168,-0.27290270182680904
1005,3.391881929172858,False,-1.895605836242999,-0.17140574843405904,2.6483034803178307,-0.2726543213526701
1006,0.9469965026225872,False,-1.0676934223429826,-0.17116906634943774,0.0326122210715588,-0.27239720492433955
1007,2.1434122373418707,False,0.4328982035109602,-0.17140739262641785,-2.329127175393402,-0.27266702385676433
1008,1.4073132074567178,False,0.48464275098231124,-0.17149231221042072,0.972229301030093,-0.27276714502290555
1009,2.3806754901705927,False,2.036979443757724,-0.17135540740643695,0.6166984918290549,-0.2726096039993228
1010,2.88849087034641,False,2.709658838994027,-0.17162375576508843,-0.06896799249227706,-0.27288672339783704
1011,2.5236772563229075,False,2.3474468447802925,-0.17167505555885182,-0.4244987226236134,-0.2729583419319607
1012,1.9779077289027778,False,-1.6886277465669726,-0.17154233253376194,-1.5418808418798893,-0.272799594317171
1013,1.7699940239276224,False,0.8468545994455033,-0.1712493357575039,1.1753897755685518,-0.2724825011155623
1014,2.032315106184028,False,-1.9732226175011298,-0.17147840067820408,0.6674886057746037,-0.2727349928094664
1015,1.1673813105050255,False,-0.16216405094376135,-0.1716793995880218,-1.4403006602097828,-0.27296148395165387
1016,4.190394228043617,False,3.82216728458914,-0.171380824027973,-1.5418808418798893,-0.2726392990687747
1017,1.4383197902301446,False,0.17417547480979617,-0.17139908176233015,-1.668856065879264,-0.2726686778501558
1018,4.359338183333972,False,-2.6200290777354267,-0.17145560150100092,3.3339703636712397,-0.2727339438317685
1019,3.614917925751889,False,2.4509359830875477,-0.17149039794436333,-2.7608428507474936,-0.27276919261880794
1020,5.604765336613131,False,-4.482831182671316,-0.171626954826672,3.308575292116684,-0.27289164380089204
1021,3.054199382775738,False,2.3474468447802925,-0.17135866857902315,1.4547354424801116,-0.27261760139462216
1022,0.2983146610818859,False,0.12243093080030386,-0.17142894233594774,-0.22133830870838328,-0.2726760237258155
1023,4.110500673613634,False,2.8907648467494793,-0.17160438252628218,-3.0147932295270143,-0.2728767365604021
1024,0.9486749754075327,False,-1.0159488915850277,-0.1715794334484783,0.15958749112439602,-0.27287458473651505
1025,3.7764357311340553,False,-3.9136417293473307,-0.1716212809697676,0.23577265480864396,-0.27289710721583726
1026,1.5997528838142792,False,0.5105150249344448,-0.17119373698241025,-1.71964615451832,-0.2724178905065191
1027,1.2823423958891935,False,0.820982323616981,-0.17170125613388515,-1.0847700070634474,-0.27299760457508654
1028,3.911241112805193,False,-3.861897230157266,-0.17121170597648727,-1.5672758869542227,-0.2724257329229658
1029,4.1360105405858265,False,3.9515287491643485,-0.17132086399754415,-0.6022640775772168,-0.27258616950003967
1030,1.0547424487332862,False,-0.006930426700287177,-0.17149133560896446,0.7690688353201144,-0.27275636049164265
1031,1.8776137968077342,False,1.4677892626635358,-0.17172026133979956,0.6420935487328954,-0.27302090144757596
1032,3.11099649267288,False,-0.44675901524968625,-0.17146693778937078,2.8260689589013284,-0.2727229764560934
1033,2.161235071966916,False,0.3035368373573661,-0.17148439507627933,1.8356613788310865,-0.272723784647963
1034,1.1809230506628268,False,-1.352288331226431,-0.17162395298925587,-0.2975234649585516,-0.27290210226416134
1035,2.4389822635319236,False,1.7523843444601526,-0.17156351814450627,1.226179895582891,-0.27283872600980763
1036,2.951263943989845,False,-2.3354342462844087,-0.17164709627962033,1.734081126098594,-0.27289985300976993
1037,0.2811064648149065,False,-0.006930426700287177,-0.17149298696076426,-0.5006838755717526,-0.27278204379600945
1038,3.4556326823119243,False,-2.568284564217376,-0.17140342637029005,2.2165873462717225,-0.27266063938183854
1039,3.474227426401367,False,-3.0598574194768413,-0.17140159788245507,1.6578959379998055,-0.272667848142356
1040,0.5236824490844058,False,-0.6537371601612146,-0.17122101956306296,-0.06896799249227706,-0.2724609441987438
1041,0.7850370222886872,False,0.48464275098231124,-0.17130401605885592,-0.7038442773823581,-0.27255519500275743
1042,0.609501731264646,False,0.12243093080030386,-0.17151104247492505,0.26116770964556657,-0.27276852943066693
1043,2.8327721697512924,False,1.3125555890567302,-0.17134643729569565,2.1404021502953157,-0.2726100639554933
1044,0.3823665590276498,False,-0.5502480888575147,-0.17133559682893817,-0.22133830870838328,-0.2725728716110992
1045,0.9593699281873646,False,0.018941844511514178,-0.17151818947216513,0.6674886057746037,-0.2727846197552963
1046,0.8053575703390301,False,0.25179229190566,-0.17129405427131,-0.957794767272172,-0.2725265776851238
1047,0.7529244739163098,False,0.4070259299917427,-0.17134873752190177,-0.7546343764599536,-0.27258261753115104
1048,2.582759040461889,False,1.7265120635737392,-0.1714843412237812,-2.024386674829232,-0.27274401322281544
1049,1.6445250836292473,False,0.8727268754184709,-0.17153194296847613,0.9976243598645628,-0.27280251140606143
1050,0.5484811407884808,False,-0.6278648925513105,-0.1714476894031563,-0.5768690272821031,-0.27270925718782035
1051,1.1384750902480723,False,0.044814115867411006,-0.17126793680808045,0.8452540089270649,-0.2725225289782534
1052,2.640322248543133,False,1.8041289066668746,-0.17149723372945758,-2.024386674829232,-0.2727585777671921
1053,1.3556095529591465,False,-1.507521910556116,-0.17141211681300222,-0.043572939307845095,-0.27267022782999095
1054,1.06099100695757,False,-0.5502480888575147,-0.1715567718417303,0.7182787202716235,-0.27282789155346326
1055,2.823728715571722,False,-1.4557773846880337,-0.17153708964564146,2.2419824118737965,-0.2728075908056221
1056,2.696915669112885,False,0.924471427797532,-0.17164078700411195,2.1911922808079964,-0.27292780979762377
1057,1.4330921584884522,False,-0.8348430293994381,-0.17137495103066025,0.9976243598645628,-0.27263536746354566
1058,2.5890948273028154,False,0.3294091102995722,-0.17153012062998502,2.267377477614082,-0.2727936682947888
1059,2.094409537980503,False,0.5105150249344448,-0.171395636218651,-2.252942052103035,-0.2726525654702731
1060,2.5951775253889484,False,-0.3432699393373095,-0.1716402938244148,-2.8624230039021117,-0.2729277957184276
1061,3.02275672446309,False,-3.1633464350419644,-0.17148939671999075,-0.7038442773823581,-0.27274415400813184
1062,1.0958844774494967,False,0.924471427797532,-0.17141183838818203,-0.27212841301280105,-0.2726663563777188
1063,3.048963782323648,False,2.864892559492507,-0.17128234875369053,-0.5514739768495337,-0.272520843987203
1064,0.5803493337738296,False,-0.7313539621270538,-0.1712665781819404,-0.4244987226236134,-0.2725186020468611
1065,2.288788847540397,False,0.5881318476565374,-0.17138959297845774,1.886451506026359,-0.27264059268344987
1066,2.086363174777754,False,-1.3781605948076079,-0.17126446024528696,1.429340381161619,-0.2725126488059012
1067,1.564025824435924,False,1.3384278676297816,-0.17167192522171465,0.1341924368383265,-0.27295388868427334
1068,4.958143543368646,False,3.1494877272925765,-0.17173437641851313,-3.954409512065898,-0.27301601493888716
1069,6.464652199544991,True,-4.767425883384442,-0.17156327215146389,4.273588108672754,-0.2728136856963633
1070,1.8296189733292583,False,1.4419169833676988,-0.17148858501391817,-1.1355601020181927,-0.2727584157072633
1071,0.7004161276175525,False,0.25179229190566,-0.17149822601502718,-0.8308195240453939,-0.27278093390042185
1072,1.8422303605534371,False,-1.7403722698479815,-0.17151737130055789,0.6928836629542484,-0.2727791713031946
1073,0.8138466282066488,False,0.17417547480979617,-0.1712966613222735,0.4643281533004109,-0.2725490812409175
1074,4.908114820929484,False,-4.224108712468686,-0.17135497472353906,2.4959330755008837,-0.27259980955030993
1075,0.6259625627724975,False,-0.3950144775816538,-0.17144902448906235,0.31195781973267184,-0.27271823008498974
1076,1.5466481216764942,False,0.924471427797532,-0.17180323020866373,-1.364115522515805,-0.2731121636405239
1077,0.9550733352999103,False,-0.44675901524968625,-0.17112696288875784,0.6420935487328954,-0.2723324280352175
1078,1.9093804309011704,False,0.4587704771744831,-0.1715626241302281,-2.0751767596275585,-0.2728416237852153
1079,0.7605713846337039,False,-0.5502480888575147,-0.17154553931429706,-0.9323997189016456,-0.2728157699955171
1080,4.618796771388707,False,-4.0947474720048165,-0.1714248127734988,-2.710052773348642,-0.2726729283362645
1081,1.2892615186888232,False,0.5881318476565374,-0.1714290850748474,0.7690688353201144,-0.27268952403926855
1082,2.693803496796005,False,2.2180854251543374,-0.1712826730785318,-1.516485796668306,-0.27250395123850024
1083,2.5481973772844424,False,-2.1543284354103776,-0.17144779234137814,1.3277601372679055,-0.2727061629375142
1084,0.7574764858529642,False,0.5105150249344448,-0.17158793889282298,-0.6022640775772168,-0.2728657333177666
1085,3.8552385255172967,False,-1.5333941732746084,-0.17141830526591573,3.3339703636712397,-0.27267400320757146
1086,2.5262681214611002,False,1.5454061014184182,-0.17165602810599434,-2.125966843877435,-0.27293638407548104
1087,2.104983990160441,False,-2.231945212360543,-0.17156182850989993,-0.7038442773823581,-0.2728283843948153
1088,0.4980287069875209,False,-0.29152540051679304,-0.171752388586626,0.21037760010945175,-0.2730121226080868
1089,0.2586762532993109,False,-0.29152540051679304,-0.1713977603198309,-0.043572939307845095,-0.27265824876886857
1090,3.0828297583471946,False,2.864892559492507,-0.17159061653445878,-0.8054244749877258,-0.27287667827184253
1091,1.454305458852391,False,1.2090664762091863,-0.17137108815769703,0.18498254554812732,-0.27261232664426216
1092,3.277798737821182,False,0.5363872990308136,-0.1715224070702684,2.9276492354233565,-0.2727924108161817
1093,1.7017189458549653,False,-1.2746715396204968,-0.17118411968489367,1.023019418836969,-0.2724142754833813
1094,1.1390805600088363,False,-0.4985035523418264,-0.17165168723602353,-1.364115522515805,-0.27293846775611685
1095,2.3174737848036497,False,0.8468545994455033,-0.17155554301036324,-2.3545222162162864,-0.27281111858065404
1096,1.466928992589851,False,0.9762159807541639,-0.1714557299401105,-1.1863501964235268,-0.27271539743428835
1097,5.930214330411298,False,2.8907648467494793,-0.1714787175711842,-5.3511360730382265,-0.2727402009444344
1098,1.2911779017052474,False,1.053832811272451,-0.1715210959072937,0.1341924368383265,-0.27280559793085646
1099,4.188668794575472,False,-2.2578174710568133,-0.17144507251575097,3.3593654353644187,-0.2727131536776943
1100,2.721115138789463,False,-0.03280269776778321,-0.17120304129138425,2.4451429416688026,-0.2724476172064778
1101,2.899653432343322,False,-3.0598574194768413,-0.17139132925333755,-0.018177885985682696,-0.272639683557446
1102,1.988212878163756,False,0.7692377723930621,-0.17160037808606465,-2.024386674829232,-0.27287034712452163
1103,2.902647915069327,False,0.6140041221858921,-0.17167807011621605,2.5213281426244465,-0.2729626737024614
1104,2.490363438819805,False,0.9762159807541639,-0.1715706759418349,1.937241633774407,-0.27284738875062475
1105,4.950484335755588,False,4.494846940039412,-0.17193180415261228,1.3785502589386491,-0.273249379623149
1106,4.306468219120739,False,-1.9732226175011298,-0.1714515499610591,3.6387112331376823,-0.27271919721118093
1107,2.8529296122347585,False,-0.8607152958577676,-0.1711880868462829,2.4959330755008837,-0.272414096981855
1108,0.7687368238672586,False,0.5105150249344448,-0.17125183221934875,-0.6276591277347373,-0.27249679509828345
1109,1.6517559782102742,False,1.4677892626635358,-0.17150047829735804,-0.4752888247266098,-0.27274646928044244
1110,5.4672342423114255,False,-4.017130726010065,-0.17164887995749134,3.61331615991965,-0.2729306131819025
1111,1.8582247608919515,False,1.5454061014184182,-0.17123879124762925,0.43893309736130137,-0.2724866996332968
1112,1.7565992709293499,False,0.14830320273300227,-0.17128956476168405,1.4547354424801116,-0.2725437817731294
1113,1.0203998884232417,False,-1.171182482132475,-0.17130941519559184,-0.06896799249227706,-0.272587107030035
1114,1.5836950350628456,False,-0.6019926247973808,-0.17116054509367917,1.2515749557971372,-0.27238614197414995
1115,1.4904516219188284,False,-1.404032858244829,-0.17125397561283118,-1.110165054609651,-0.27249390673163953
1116,2.0579686736810583,False,-0.13629178059688257,-0.17152517228442749,1.784871252188521,-0.27279537513818475
1117,6.0072800878527,True,4.77944220846149,-0.17150263672436522,-3.675064150320784,-0.272776971950248
1118,1.0014124092627983,False,-0.317397669999099,-0.17118052333895328,0.7182787202716235,-0.2723949631605514
1119,3.4354670748568896,False,1.5971506613112187,-0.1714193620224123,-3.21795352269645,-0.2726874985281118
1120,2.3188541526013076,False,-2.361306504406535,-0.17133988552259738,0.4897232093772508,-0.27259301383267565
1121,2.1341600388455175,False,-2.2836897296095477,-0.17148859262116928,0.0326122210715588,-0.272745361145294
1122,1.4438644903545133,False,-1.171182482132475,-0.1713645325185313,0.7690688353201144,-0.2726149463601956
1123,0.4772627462587113,False,-0.5761203568994955,-0.1715848339901727,-0.526078926279371,-0.2728479032500798
1124,2.6526787696631606,False,-1.5592664358492851,-0.17131247771778996,1.988031762075299,-0.27256161741079704
1125,2.146117444050348,False,0.9503437042036953,-0.17176361510698301,1.5563156891351626,-0.2730794978153277
1126,1.651243030825722,False,-0.16216405094376135,-0.17141031922386157,1.3785502589386491,-0.2726661654921515
1127,1.7767899673850203,False,1.4677892626635358,-0.17174988734940994,-0.957794767272172,-0.27304484970800885
1128,1.03705093175924,False,-0.7830984960511921,-0.1714485725644671,-1.110165054609651,-0.27269477968184214
1129,5.125684766003074,False,-5.284870749490089,-0.17148897751644426,-0.6276591277347373,-0.2727389042528856
1130,0.6083545947961827,False,0.3811536566167605,-0.17141294726450806,-0.018177885985682696,-0.2726636924270154
1131,2.288212255441982,False,0.7174932217466442,-0.17152486442521914,1.8356613788310865,-0.27278824943227276
1132,0.09762777068997146,False,-0.26565313089039166,-0.17130602130766892,-0.2975234649585516,-0.27254577356949256
1133,2.228308132919643,False,1.7265120635737392,-0.1713240081426327,-1.4403006602097828,-0.2725808600104295
1134,1.0482177965779202,False,0.7951100479328339,-0.17134929779446884,-0.6784492276372737,-0.2726012207178486
1135,2.7251959443468237,False,1.7782566254911512,-0.17154641738357718,-2.1767569275789302,-0.2728242912973213
1136,1.7343777730063403,False,1.286683310628054,-0.17157953174258456,-1.2117452434201816,-0.27284602870370384
1137,1.2006985411260562,False,0.3811536566167605,-0.17157435612534372,-1.3387204763431295,-0.2728123917237418
1138,1.0689600639850458,False,0.7951100479328339,-0.17147096271747964,-0.7292393269899181,-0.2727360271922319
1139,2.271510631076294,False,2.0887240091473473,-0.17130035182381392,-0.5006838755717526,-0.2725538187769724
1140,1.139687912790046,False,-1.041821157035948,-0.17150165934713796,-1.0085848636008574,-0.2727651367874591
1141,5.456743014951332,False,-2.6200290777354267,-0.17158802615354074,4.603724118237237,-0.27287084302723913
1142,1.8215663133132818,False,-1.9473503572254054,-0.17152663710057248,-0.6784492276372737,-0.2727987011839778
1143,1.611223700824195,False,-0.3691422085315643,-0.17165458267535133,-1.8720164171427967,-0.27294308492287694
1144,1.553473019781449,False,1.2349387542043169,-0.17157122791527157,-0.9323997189016456,-0.27284993021806214
1145,0.026463233765625233,False,-0.16216405094376135,-0.1715897667440196,-0.2975234649585516,-0.2728643614859514
1146,3.2832815669366986,False,2.942509421698298,-0.17153161036092007,-1.3133254300332045,-0.2728041021049885
1147,4.785450876502511,False,-1.7403722698479815,-0.17150005411207014,4.248193031985989,-0.2727780015877648
1148,5.085704500528533,False,-2.775262614846817,-0.1715722819463361,4.095822574780733,-0.2728365959409536
1149,3.259731049235387,False,3.0718708616073,-0.17107891389269042,0.05800727480677521,-0.2722939221217426
1150,0.30264664340384223,False,-0.3691422085315643,-0.171550879764087,-0.043572939307845095,-0.27280783888091653
1151,1.9434225922643205,False,-2.024967137621831,-0.1716448144360299,0.31195781973267184,-0.27291915834010244
1152,3.1795734090642163,False,1.5195338216889656,-0.1715459653362772,2.4197478749603536,-0.2728223765659436
1153,2.7297778949610736,False,-1.171182482132475,-0.1715005973019204,2.267377477614082,-0.27276458533400194
1154,2.1324707798296703,False,1.8558734694521468,-0.17156633803533716,0.3881429858964797,-0.27285497117730495
1155,4.178814120550788,False,1.0797050884007007,-0.17110354263060923,3.7148964536237914,-0.27232597784579354
1156,2.1409490807395333,False,1.4936615421040982,-0.17112562254284286,1.0738095371955907,-0.2723433751175276
1157,3.3314547828065013,False,3.0718708616073,-0.1714412975091782,-1.0339799115591537,-0.27272075797172884
1158,1.5526601182833213,False,1.3125555890567302,-0.17147969990173734,-0.7292393269899181,-0.2727407548407183
1159,2.53232726707799,False,-2.5941568210481694,-0.17146153888264154,0.4643281533004109,-0.2727108802652601
1160,2.588027667593463,False,0.3294091102995722,-0.17124058809488701,-2.8116329275985814,-0.2724942840409889
1161,1.0160189300857192,False,-0.13629178059688257,-0.17127784288725967,-1.2879303835858922,-0.27251773860451645
1162,2.462816260822227,False,-1.792116792554357,-0.17142141807673195,1.5817107511441613,-0.2726916668459392
1163,3.8163226336831695,False,3.641061240281842,-0.17112713432769006,-0.44989377374387385,-0.27236900859273616
1164,3.805074022488196,False,1.1831941983585708,-0.17136289203820604,3.2831802207006824,-0.27262619806887045
1165,4.192845520439463,False,3.8480395772137386,-0.17153958832168437,-1.4656957058332527,-0.27282685495039927
1166,2.941602962805707,False,-2.671773590679614,-0.17152755976146783,1.2769700161493882,-0.27280300410463604
1167,2.830782378628319,False,2.4509359830875477,-0.1714524812550241,-1.3387204763431295,-0.2726975165790578
1168,2.0610216045186545,False,0.8727268754184709,-0.17172399696845442,-2.0497817172969857,-0.2730090147958933
1169,0.8942576884125072,False,0.20004774703082542,-0.1715899984437484,0.5405133219444652,-0.2728613544667217
1170,1.5079403998511962,False,-1.6368832227109809,-0.1713447023000188,-0.6276591277347373,-0.27258609078047563
1171,1.172218330328492,False,0.8727268754184709,-0.17148206969299906,-0.8054244749877258,-0.27276832437960513
1172,2.6130159243771307,False,0.3294091102995722,-0.17116584499727222,-2.8370279658187996,-0.27241141807937286
1173,1.1559934274518766,False,-1.3264160675016488,-0.17157202228098317,-0.22133830870838328,-0.2728667704928537
1174,1.1106320449186518,False,-1.2746715396204968,-0.17137972388438,-0.14515315121967087,-0.2726184657123963
1175,1.4485638904403515,False,-1.2746715396204968,-0.17157247058549407,-1.2117452434201816,-0.272858521849409
1176,0.69088748744687,False,-0.4985035523418264,-0.17165064297998184,-0.8816096217484314,-0.2729331429744085
1177,2.503377157506814,False,0.27766456455939537,-0.17142179521357798,-2.7354478121165555,-0.2726817793846795
1178,1.6797011583311476,False,-1.3005438036329806,-0.17154330240797305,-1.516485796668306,-0.27280162024112503
1179,1.8123449573115642,False,1.6230229414745665,-0.17153771725602368,-0.526078926279371,-0.272811149743654
1180,1.564094264697557,False,1.3384278676297816,-0.17172601161405793,0.1341924368383265,-0.273011157626617
1181,3.7473783403108762,False,0.14830320273300227,-0.17150388190198657,3.4609457235230217,-0.27276093513725413
1182,1.8624029877801884,False,-0.3432699393373095,-0.1714963996394056,1.5817107511441613,-0.2727531682587905
1183,1.3743043061302012,False,-1.1970547467202914,-0.17159317923470996,0.6420935487328954,-0.2728577529739629
1184,5.358672455164729,False,3.2012323051411418,-0.17155666706565265,-4.436915097971386,-0.2728231188864066
1185,1.9149856487327335,False,1.4677892626635358,-0.17171751572845356,-1.26253533700133,-0.273001705555782
1186,1.2268544745181587,False,-0.8607152958577676,-0.17162024197382741,-1.2879303835858922,-0.2728867666350209
1187,0.8642438930791038,False,-0.18803632114654464,-0.17150613291568856,0.5913034350630821,-0.2727817183004458
1188,0.6261400035390225,False,-0.317397669999099,-0.17144900277092817,-0.8816096217484314,-0.272718206723365
1189,4.193420746818589,False,-4.353469949357169,-0.17115859056659571,0.0326122210715588,-0.27239718341200514
1190,3.5437002055798135,False,-3.5255579714667604,-0.17133240148957513,0.8706490670718526,-0.27258187871014505
1191,6.039587232928559,True,2.2439577087899667,-0.17142451939597453,-5.808246494346064,-0.27267603079040653
1192,4.603609925064459,False,-4.741553638579536,-0.1718467198328834,-0.8308195240453939,-0.27315944406899995
1193,1.8865605834896788,False,0.3811536566167605,-0.171573567579846,1.5309206272642377,-0.27285356473205974
1194,3.8863404279782827,False,-0.13629178059688257,-0.17159595436034492,3.61331615991965,-0.27286330095800904
1195,1.4574448724342017,False,0.6657486716775876,-0.17142078191530397,-1.4656957058332527,-0.2726782281928743
1196,3.9836242361459697,False,-3.5514302229942807,-0.17155564052171235,1.8356613788310865,-0.2728231493113701
1197,2.17837113859982,False,-0.8089707627972929,-0.17150629647820048,1.810266315440664,-0.27274475233740114
1198,4.477512911085113,False,4.106762511447508,-0.1714238705523929,1.048414477947243,-0.2726608671066021
1199,2.664265757186777,False,1.8558734694521468,-0.1719783784309809,1.4547354424801116,-0.2732956264689484
1200,0.054136621136485104,False,-0.18803632114654464,-0.17158823799600076,-0.22133830870838328,-0.27283079885811246
1201,1.4157904139395086,False,0.9503437042036953,-0.17133101251310445,0.5913034350630821,-0.2725849038430732
1202,4.710658142030783,False,-4.275853207653107,-0.17114692673182968,2.0388218909289666,-0.27238277919565207
1203,1.983549874558739,False,1.4677892626635358,-0.17159920134219842,-1.3895105685510931,-0.2728763087233541
1204,3.35902882640845,False,1.4419169833676988,-0.17133720365400495,2.6736985482716897,-0.27256707078836623
1205,3.3690423061553045,False,1.4160447042164468,-0.17131537525359847,2.6990936163638977,-0.2725605317903394
1206,1.2886542896384965,False,0.9503437042036953,-0.17134272095333825,-0.9070046703938007,-0.2726207290384416
1207,3.2035701831800805,False,-0.317397669999099,-0.17132547587946545,2.9276492354233565,-0.2725880441934076
1208,3.9455924030695853,False,-2.8787516367194743,-0.17149391190121832,2.5975133448252947,-0.27275724848509586
1209,4.797863501057065,False,-4.638064657931124,-0.1714107943452678,-2.024386674829232,-0.2726746260411023
1210,5.033178297138532,False,2.192213141663433,-0.1713253157963378,-4.716260414658733,-0.27254971073664136
1211,1.9866976053672556,False,-1.9732226175011298,-0.1715855482881813,-1.110165054609651,-0.2728665369654224
1212,1.2804176948038757,False,0.6398763968595522,-0.17121786771239605,0.7182787202716235,-0.27246927463301873
1213,0.28177400007063735,False,-0.006930426700287177,-0.1712163048079478,-0.043572939307845095,-0.2724673507330938
1214,1.0505189130064059,False,-1.1970547467202914,-0.17154667803047524,-0.5006838755717526,-0.2728212998915562
1215,3.5779936152524154,False,-3.3185799540906373,-0.17121088118459116,1.429340381161619,-0.2724507851001645
1216,1.685797418120278,False,0.27766456455939537,-0.17126185136638333,-1.897411460433363,-0.2724898939120488
1217,3.6213137977310437,False,1.2608110323438928,-0.1716954795272796,-3.598879048793063,-0.2729472922673663
1218,0.6829672441913062,False,-0.42088674648771773,-0.1718801030817112,0.3627479303707676,-0.2731891757357214
1219,2.0252717763240766,False,-0.7830984960511921,-0.1715893059048601,1.6578959379998055,-0.2728491825669555
1220,2.132107754716861,False,1.9593625967585522,-0.17140204043242108,-0.3483135684372733,-0.27266317753735575
1221,2.765776723030003,False,2.3474468447802925,-0.17147693781952766,-1.4149056144490628,-0.27274002233537076
1222,3.935997239851235,False,-4.017130726010065,-0.1715280288841851,0.5659083784348399,-0.27278785297750807
1223,1.683067903398126,False,0.8727268754184709,-0.17137140083315888,-1.592670931891375,-0.2726054918691765
1224,2.4538538094472075,False,-0.8348430293994381,-0.17164177135584124,2.0896120203357533,-0.272919845410763
1225,1.4199833785102807,False,0.5105150249344448,-0.17178679403677038,0.972229301030093,-0.2730825796339472
1226,3.567265178427781,False,2.1404685751158703,-0.17144348448042868,-2.9893981922650044,-0.2727013765090502
1227,4.0471230147229456,False,-4.172364216712361,-0.1713296158173565,-0.8816096217484314,-0.27257610526597903
1228,2.500548170292086,False,-0.42088674648771773,-0.1714871117567759,-2.7608428507474936,-0.27276328500084984
1229,1.0813509279250204,False,-0.7054816949490863,-0.1715802093572808,0.6674886057746037,-0.2728662716297442
1230,2.52065780751334,False,-1.792116792554357,-0.17145543384501044,1.6578959379998055,-0.27269180680574306
1231,2.5555708553323004,False,2.1145962920592813,-0.17160910676560331,-1.4149056144490628,-0.2728882921107998
1232,1.834179475947067,False,-1.9990948776333184,-0.1712910391977644,-0.11975809844822427,-0.2725341264866024
1233,1.0765060996236961,False,-0.44675901524968625,-0.17138020377637747,-1.3133254300332045,-0.2726387954111385
1234,4.267255506644457,False,0.48464275098231124,-0.1717243561152652,3.9434521225719497,-0.27302068892602976
1235,1.7201256945841712,False,1.4936615421040982,-0.1715873934723922,-0.7038442773823581,-0.27283337788205897
1236,2.329952120897215,False,-2.3354342462844087,-0.17172626706251315,0.5913034350630821,-0.27300680697546265
1237,2.587349567239379,False,1.7782566254911512,-0.1714181745404052,-1.973596589482318,-0.2726722281044212
1238,3.750916376330161,False,-3.8877694798238567,-0.1713379747259659,-0.7800294257926019,-0.27257888788967627
1239,5.514317643940709,False,3.3823383321798564,-0.17158216699367002,3.9434521225719497,-0.27286691638078264
1240,4.003193168157862,False,3.0977431500240304,-0.1715000015398528,-2.583077577454998,-0.27275250239586135
1241,1.2050432451782942,False,-0.6796094276270933,-0.17159563783343285,0.819858950920145,-0.2728655732419359
1242,1.0058659506180812,False,0.7951100479328339,-0.17111193126152735,0.007217167474072828,-0.2723488345254617
1243,3.018675758492446,False,0.48464275098231124,-0.17152295493151454,2.6736985482716897,-0.27279914564069
1244,3.412784375800666,False,2.78727569859113,-0.17143911551505797,-1.973596589482318,-0.27268468604629
1245,3.3754440868094964,False,1.5195338216889656,-0.17163594751926603,2.6483034803178307,-0.27292289601429875
1246,1.6456308612858876,False,0.5105150249344448,-0.17157598599206597,-1.7704362426085827,-0.27282289198371223
1247,2.469044528615038,False,0.4587704771744831,-0.17108735937002922,2.115007085246429,-0.2723404037341898
1248,0.3834183318611848,False,-0.13629178059688257,-0.17167931422063087,0.10879738269012472,-0.27297791414339867
1249,0.8232691305209624,False,-0.6278648925513105,-0.1714042606761103,-0.957794767272172,-0.2726573922110449
1250,2.776848610034691,False,-0.6019926247973808,-0.17146529536429622,2.470538008515669,-0.2727324827488211
1251,1.9157358938167957,False,1.5971506613112187,-0.17122621065151972,0.4643281533004109,-0.27247227254192313
1252,2.192693590955435,False,-1.9214780968060052,-0.17162733654204215,1.048414477947243,-0.27291993391490943
1253,5.002851019656556,False,4.029145629652218,-0.17122014668219215,2.4451429416688026,-0.2724721592798375
1254,2.0217047965308232,False,1.7782566254911512,-0.1716280325149071,0.26116770964556657,-0.272906483556795
1255,2.134958920872013,False,-2.231945212360543,-0.17127753459040518,-0.8308195240453939,-0.2725276072164084
1256,2.4035505345618615,False,-0.44675901524968625,-0.1714640809444405,2.115007085246429,-0.2727253509788165
1257,3.4747057711002216,False,-2.5424123072433265,-0.17156398384410143,2.267377477614082,-0.2728302072194981
1258,3.40125620791441,False,3.0977431500240304,-0.1712544556972293,-1.2117452434201816,-0.2724960665511319
1259,2.7803543078482966,False,2.50268055310991,-0.17141716891853298,-1.0339799115591537,-0.2726854567887759
1260,1.219709934250229,False,-1.352288331226431,-0.1713940229852488,0.0326122210715588,-0.2726385985008285
1261,2.8091321865848338,False,2.3474468447802925,-0.17121693870982274,-1.516485796668306,-0.27248437851121055
1262,0.8357876428636333,False,-0.3691422085315643,-0.17143369462381125,-1.0847700070634474,-0.2727044174236283
1263,1.701969555573964,False,0.5881318476565374,-0.17156679925440743,-1.7958312864479422,-0.2728232513414443
1264,1.321546003231224,False,-0.11041951010576842,-0.1712851000579932,-1.592670931891375,-0.272530131231252
1265,2.2523821361658536,False,0.3811536566167605,-0.17128915650001775,-2.456102378136905,-0.27252144129102546
1266,1.3436844595551896,False,0.5363872990308136,-0.17155572050043827,-1.4149056144490628,-0.2728444644867795
1267,1.871932506538505,False,1.6230229414745665,-0.1715443482103583,-0.8054244749877258,-0.2728284675561312
1268,2.034576656377574,False,-0.7313539621270538,-0.17148111661639182,1.6832910005613049,-0.272736188402212
1269,0.8251184338209406,False,-0.9642043602516001,-0.17158938602368273,-0.043572939307845095,-0.2728761482591398
1270,1.2635638964608016,False,-1.404032858244829,-0.17157399621452035,-0.5514739768495337,-0.27284264704469297
1271,0.5803026082179431,False,-0.7313539621270538,-0.1716298677981269,-0.11975809844822427,-0.27290894497652923
1272,3.3277606212378097,False,2.6579142666537554,-0.17161725250898352,-2.024386674829232,-0.2728909784670919
1273,0.23625340342836057,False,-0.3950144775816538,-0.17169129665498012,-0.1959432563497847,-0.27297399969802216
1274,4.040817352770717,False,3.7704226997754473,-0.1715957145936582,-1.1609551492895533,-0.2728716975070347
1275,1.7555111900506517,False,-1.8438613146859597,-0.1715315058137281,0.26116770964556657,-0.2728091410947788
1276,3.4784761995697844,False,-3.4479412160249425,-0.17132652770671086,-1.4403006602097828,-0.2725730775577187
1277,1.5540228031041114,False,-1.1970547467202914,-0.1714849525862061,-1.4403006602097828,-0.27274276853653723
1278,1.833144861345455,False,1.5971506613112187,-0.17153417269815902,-0.7546343764599536,-0.27279317364035943
1279,4.557860602898892,False,-2.5941568210481694,-0.17148949453077422,3.5879210868403097,-0.2727491060668211
1280,2.254699835026573,False,1.1831941983585708,-0.1716324027158891,-2.0751767596275585,-0.2729245423200978
1281,0.8206411199437272,False,-0.8348430293994381,-0.1714942934143993,0.21037760010945175,-0.2727564022386444
1282,3.020543512852842,False,-2.2836897296095477,-0.17154505084251204,1.886451506026359,-0.272837116063413
1283,1.726826692787319,False,0.7692377723930621,-0.17146434324574827,1.1753897755685518,-0.27271505934874385
1284,2.942744847782662,False,-3.1116019275459847,-0.1716322502460177,-0.14515315121967087,-0.27288637490289924
1285,0.5301455210551029,False,-0.6796094276270933,-0.17161325656882453,-0.4244987226236134,-0.27287987426104204
1286,2.8547957119224,False,2.4768082680263315,-0.1715270021935006,-1.3387204763431295,-0.2728041484783675
1287,3.0372266846182905,False,-2.516540050125671,-0.1711701671125216,-2.2021519692240776,-0.2723926062835829
1288,2.58869377183422,False,-1.171182482132475,-0.1716501621855513,2.115007085246429,-0.27293455727776395
1289,2.8448336888835164,False,-2.4130510202202506,-0.17146020141459728,-2.024386674829232,-0.2727167882424314
1290,3.8210703876951637,False,-2.956368401618432,-0.1713219433730493,2.343562675664822,-0.2725585125418974
1291,1.3489451006902606,False,0.820982323616981,-0.17135948469869317,-1.1863501964235268,-0.272617982900013
1292,2.9557192957056815,False,2.709658838994027,-0.1715122199749856,-0.9323997189016456,-0.2727588883434776
1293,5.414676411788083,False,2.4768082680263315,-0.17151685868031025,-4.9956057148419095,-0.2727789753632548
1294,2.3284970964120446,False,-1.352288331226431,-0.17157238365423488,1.734081126098594,-0.2728586047901828
1295,5.084321004046342,False,-2.050839397466738,-0.1716926097538241,4.451353649367875,-0.27295736230752665
1296,0.8947430852966641,False,0.4587704771744831,-0.1712911389761519,0.3627479303707676,-0.27253210376310566
1297,2.0509696143849565,False,1.7523843444601526,-0.17167686771805846,-0.9831898155051739,-0.27294102924363894
1298,3.601548126365317,False,-3.603174725619763,-0.17128595566501154,0.819858950920145,-0.27251543162212305
1299,3.0532549343873945,False,2.83902027238047,-0.17157234217783934,0.23577265480864396,-0.27284832727633457
1300,1.3661005700022826,False,-0.8348430293994381,-0.17153358503352278,0.9214391837751686,-0.2728181056806563
1301,1.284934258263317,False,-0.7572262291610657,-0.17190297040556085,0.8706490670718526,-0.273215633123292
1302,1.5900652346855417,False,1.286683310628054,-0.17132749077230303,-0.9070046703938007,-0.2725702896919591
1303,0.9728589444852547,False,-1.0159488915850277,-0.17108758643998934,-0.7546343764599536,-0.2723068059269161
1304,3.4693861921278963,False,-3.577302474378615,-0.17143590857794905,0.3881429858964797,-0.2726986410134419
1305,1.5596113638906934,False,-1.145310217400843,-0.17154611577588336,-1.4910907513193357,-0.27282572233172137
1306,1.3753004378359406,False,-1.3781605948076079,-0.17142943862746735,-0.9323997189016456,-0.27266636831511826
1307,1.2165691176176276,False,1.0279605342886469,-0.17142686002208274,-0.06896799249227706,-0.27270366254378187
1308,5.726222509587357,False,4.882931401341898,-0.17139616465203666,-2.964003154866225,-0.272647666646181
1309,2.5730480001826956,False,-2.206072953520807,-0.1714004703962172,1.3023650766396442,-0.27265278965093775
1310,0.6776973753376314,False,0.3294091102995722,-0.17154327139980957,-0.7292393269899181,-0.27281972575869196
1311,3.3389297627468526,False,-2.180200694537325,-0.17154954704513425,2.3943528083901153,-0.272812225548414
1312,4.91479329368499,False,2.83902027238047,-0.17146785634290335,-4.157569764770872,-0.27270799285416697
1313,2.55675330961756,False,0.5105150249344448,-0.17161759721299386,2.1911922808079964,-0.2728849354207585
1314,2.6513855567260287,False,2.4768082680263315,-0.171567865794911,-0.39910367136569114,-0.2728297020517569
1315,3.1254636983786632,False,1.9334903147149682,-0.1714701818352088,-2.583077577454998,-0.2727392276108801
1316,2.3688150050643793,False,-2.49066779286455,-0.1716989926870342,0.21037760010945175,-0.2730102973523147
1317,2.843816815921729,False,-2.775262614846817,-0.17137339345812386,0.8706490670718526,-0.2726145187152396
1318,1.9805904685410338,False,-0.21390859120530242,-0.17153546245127177,-2.252942052103035,-0.27280540399382175
1319,2.8450134622574645,False,2.3991914136442953,-0.1712750272733305,0.946834242333697,-0.2725084063151945
1320,0.010525008914636477,False,-0.16216405094376135,-0.17182376522938525,-0.27212841301280105,-0.2731323613479245
1321,0.30353459820516204,False,0.12243093080030386,-0.17127005942138518,-0.1959432563497847,-0.27251987350938883
1322,0.6234504726714966,False,0.044814115867411006,-0.17148759903095562,0.31195781973267184,-0.2727669917475615
1323,2.580458126662879,False,-0.44675901524968625,-0.17168935127539559,2.2927725434926467,-0.27298155602788376
1324,2.6450447658775604,False,-1.6627554847108148,-0.17147468601802013,1.9118465698312774,-0.2727221823357465
1325,2.53722640648715,False,0.17417547480979617,-0.17141754818900373,-2.786237889241525,-0.2726586701386328
1326,1.3636799470720087,False,1.1573219206524004,-0.171678519824286,0.0326122210715588,-0.27295652392151243
1327,2.0833721321621486,False,1.6747675022349477,-0.17136592754128188,0.6928836629542484,-0.27263511471976865
1328,3.6225693194549105,False,-2.206072953520807,-0.1714982857351503,2.724488684594522,-0.27276216153388627
1329,1.8292334579801677,False,-1.145310217400843,-0.17148925410503058,-1.8212263301501208,-0.27275412117138104
1330,5.550166475468237,False,-2.464795535459893,-0.1714444581231157,4.781489671572937,-0.27270531474562437
1331,3.984211094443973,False,-4.0430029748180285,-0.171268470813701,0.6674886057746037,-0.2725121524392401
1332,1.2511126228277636,False,-0.6796094276270933,-0.17131414307083104,0.8706490670718526,-0.27255397297308015
1333,3.006430917843156,False,1.7523843444601526,-0.17172302999894357,-2.583077577454998,-0.27300694534856756
1334,0.6914456584330606,False,-0.44675901524968625,-0.17145970951462808,-0.9070046703938007,-0.2727287252448093
1335,3.3487982739033986,False,1.5971506613112187,-0.17139537010176997,-3.116373377206401,-0.2726624335320705
1336,3.010298819883252,False,-3.1633464350419644,-0.17124505871656293,0.05800727480677521,-0.2724758779470768
1337,1.098603022860365,False,-0.05867496869132367,-0.17164689622648382,0.819858950920145,-0.27291652531606053
1338,2.9462734507096795,False,1.7782566254911512,-0.17106124700738445,-2.4814974182745013,-0.27227575915455926
1339,0.3863350917053625,False,-0.11041951010576842,-0.17144702980161708,0.10879738269012472,-0.27268264745727505
1340,2.198110086364463,False,1.6747675022349477,-0.17139944871482715,-1.4656957058332527,-0.2726521586680333
1341,1.0847052657098462,False,-0.9900766259902216,-0.17169092809268377,0.43893309736130137,-0.27298216781454954
1342,3.3438989583548357,False,-2.8270071260699026,-0.17155833529435477,1.7594761890745205,-0.2728251981881083
1343,1.3499726860019654,False,-0.9642043602516001,-0.17174047960347283,0.819858950920145,-0.2730346858178208
1344,1.5843260901774796,False,-1.6886277465669726,-0.17149445315659445,-0.7292393269899181,-0.2727393490945381
1345,1.538716765377078,False,1.3125555890567302,-0.17139903886371527,0.1341924368383265,-0.2726555991578151
1346,3.310635526317697,False,2.9166371341514563,-0.17168140145749605,-1.4656957058332527,-0.2729720164644851
1347,0.649747418204987,False,-0.3950144775816538,-0.17146361532189808,0.3373528749827858,-0.2727250231705985
1348,3.807140377646982,False,3.4082106223371342,-0.1715906780809192,1.023019418836969,-0.2728733447972716
1349,0.5803123396611181,False,0.3811536566167605,-0.1714411754806447,-0.44989377374387385,-0.27269529898637757
1350,1.4248132378397662,False,0.7433654969976655,-0.17133787290748276,0.819858950920145,-0.27257231486372285
1351,1.3518158375642548,False,-0.29152540051679304,-0.17140655830128337,1.0738095371955907,-0.2726580660264026
1352,0.7179105621169947,False,-0.6796094276270933,-0.17155269864010608,-0.7800294257926019,-0.2728114413879814
1353,3.0709757812446306,False,1.1055773656736052,-0.17144948792222486,-3.0655833036403832,-0.2727186211740617
1354,1.385198772114305,False,1.0020882574492178,-0.17158003526580567,-1.0085848636008574,-0.27286959674898836
1355,4.908160329840676,False,-1.0676934223429826,-0.171445140508996,4.552933961391814,-0.2727032988782206
1356,2.8813503578731834,False,2.4509359830875477,-0.1713504142634925,0.9214391837751686,-0.2726246194174115
1357,2.520089921918689,False,2.3474468447802925,-0.1715104958567638,-0.3483135684372733,-0.27277871301949713
1358,3.732228577360388,False,-2.6459013342792885,-0.17139230183073328,2.5213281426244465,-0.27265330865280707
1359,2.0335043988049537,False,0.7174932217466442,-0.1713775000939008,1.5563156891351626,-0.27263093377572195
1360,1.610911402513691,False,1.2608110323438928,-0.17154882502669844,0.4643281533004109,-0.2728135200988699
1361,2.157175724272275,False,-0.4985035523418264,-0.17174037730715075,-2.405312297450649,-0.27303147663640576
1362,2.6785055216601292,False,-1.0935656875061317,-0.17155533757926006,2.2419824118737965,-0.2728310552134773
1363,2.4580257375579646,False,1.9334903147149682,-0.17106949436454638,0.9976243598645628,-0.27229336058237597
1364,3.274813926399656,False,2.528552838338424,-0.1713683995817049,-2.125966843877435,-0.2726381177078305
1365,1.7359760479501372,False,-1.895605836242999,-0.1714843225743296,-0.4752888247266098,-0.2727626649962204
1366,2.959047842947601,False,-2.8787516367194743,-0.17126698433424492,0.9214391837751686,-0.2724968716786001
1367,1.5847473869321274,False,-0.7572262291610657,-0.17132550337653274,-1.7450411986321106,-0.27258102998754313
1368,2.008634381319745,False,0.5363872990308136,-0.1714199961021936,1.6071058132912335,-0.2726864086174825
1369,1.5155604973542802,False,0.6140041221858921,-0.1716939512913585,1.023019418836969,-0.2729713657194995
1370,1.6571204592749331,False,-1.7403722698479815,-0.17127916299771495,-0.8054244749877258,-0.27251971963200783
1371,3.257052778210053,False,-3.0081129108343236,-0.17136613875099643,1.3277601372679055,-0.27263245117311735
1372,0.7034976994806776,False,-0.5243758206716483,-0.17164285371904353,-0.8816096217484314,-0.2729350305344111
1373,3.1008374800319913,False,2.9166371341514563,-0.17153174731695503,0.007217167474072828,-0.27278753955785323
1374,2.242148734523248,False,1.5195338216889656,-0.1714137000017693,-1.7450411986321106,-0.27265383480100674
1375,4.241887425309248,False,-0.29152540051679304,-0.17163681671533798,-4.513100185977973,-0.2729080904730379
1376,0.7860492949439494,False,0.3811536566167605,-0.17132292505294322,0.2865627646202197,-0.27257709680017506
1377,3.9504789653373833,False,-3.0857296735831112,-0.17137420884563725,2.3943528083901153,-0.27263291193589745
1378,0.9724335350752448,False,0.7433654969976655,-0.17156009482796258,-0.6022640775772168,-0.2728190991833511
1379,1.9650466893709626,False,1.2608110323438928,-0.17137868377560367,-1.6180659766912087,-0.27261522652644143
1380,2.152698501412556,False,1.9593625967585522,-0.17155671487317714,0.0326122210715588,-0.27282301754519894
1381,2.601080780438197,False,-0.7313539621270538,-0.17144663552708939,2.267377477614082,-0.2727255610015038
1382,3.8833348642669243,False,2.8907648467494793,-0.17161695812874822,2.115007085246429,-0.2729007582754471
1383,1.7401875014820076,False,-0.3950144775816538,-0.171883306940122,-1.9989916322242969,-0.2731771746726313
1384,0.5738743385858457,False,-0.5761203568994955,-0.1714436881177508,0.1341924368383265,-0.2727065928544108
1385,6.047427430670183,True,-6.190399127835985,-0.17128220949212597,0.31195781973267184,-0.27251057707045606
1386,0.6319554419151189,False,-0.006930426700287177,-0.17152032911850756,0.3373528749827858,-0.27279161540162095
1387,2.5273140031758383,False,1.6488952217824295,-0.17160823220477273,1.4801305039367465,-0.27288971506754484
1388,0.9497059736321606,False,0.4587704771744831,-0.17145251701808523,-0.9831898155051739,-0.2727258973848233
1389,1.3220369908604446,False,1.0020882574492178,-0.17127423319601337,-0.8816096217484314,-0.2725166582379567
1390,1.4634935197596495,False,0.4587704771744831,-0.1712563985869206,1.048414477947243,-0.2725198577501321
1391,1.8878867679780598,False,-0.5243758206716483,-0.17165647749020962,1.5817107511441613,-0.2729315680621901
1392,4.863705662025551,False,-3.3185799540906373,-0.17146524530093765,3.435550651275488,-0.2727238734679663
1393,5.630234995592099,False,-2.49066779286455,-0.1714972518295816,4.857674910801235,-0.27272349776173616
1394,2.0141892675733786,False,1.6230229414745665,-0.17144211315922914,0.6420935487328954,-0.27270246966943534
1395,2.8191800024159153,False,1.053832811272451,-0.17132491606481542,-2.8116329275985814,-0.27258619505678117
1396,0.9145025316649464,False,-0.21390859120530242,-0.17155763440455318,-1.1863501964235268,-0.2728301313677682
1397,4.7557098042968535,False,-2.050839397466738,-0.1715432191560537,4.095822574780733,-0.27281793204543164
1398,3.2379877913473543,False,-3.3185799540906373,-0.17137335520948932,-1.0339799115591537,-0.2726310384983525
1399,1.9318737570155027,False,-0.26565313089039166,-0.17133475176409968,-2.2021519692240776,-0.2725832525102789
1400,4.773462417221423,False,3.123615438585766,-0.17119047487431988,3.181599936422357,-0.27241002492825284
1401,2.290447759301027,False,1.8817457510616957,-0.1710538649314186,0.7436737777269351,-0.2722676670615187
1402,1.1718032249397732,False,-0.9642043602516001,-0.17140085486433365,-1.1355601020181927,-0.2726680410969164
1403,4.826517502919464,False,-2.775262614846817,-0.17171809934888055,3.791081675358057,-0.2730070787021654
1404,3.487094006831969,False,-2.2578174710568133,-0.1715811422085861,2.5213281426244465,-0.2728513471232374
1405,3.5584035645071768,False,3.30472146257868,-0.1711198323158612,0.4897232093772508,-0.2723416687159688
1406,3.742345843980299,False,1.4936615421040982,-0.1715945771816914,-3.6242740827723376,-0.2728464560344466
1407,2.3978491169069907,False,-2.568284564217376,-0.1716740838859967,-0.1959432563497847,-0.27295143532214267
1408,1.871525678139593,False,0.3294091102995722,-0.1711578043695256,1.5309206272642377,-0.27241485072802046
1409,2.24115406735152,False,1.286683310628054,-0.17138887547353698,1.429340381161619,-0.27265665076520057
1410,2.506319077054497,False,-2.180200694537325,-0.1715837403339331,1.226179895582891,-0.27284942805456414
1411,5.325432462203201,False,-1.6886277465669726,-0.1711536291808584,4.83227983091948,-0.27237363283626664
1412,0.755843729315478,False,-0.7313539621270538,-0.17126361310799193,-0.7800294257926019,-0.27249566698620586
1413,5.27999727194867,False,1.8558734694521468,-0.17140044006416627,-5.14797587162521,-0.2726780769211406
1414,2.5067343025528883,False,1.8558734694521468,-0.17178764517415218,1.200784835506719,-0.27308497631817447
1415,0.8170397810119153,False,0.044814115867411006,-0.1715112179965131,0.5151182655919585,-0.2727611261015211
1416,1.4926142539915455,False,0.8985991515357439,-0.17133146145026118,-1.3133254300332045,-0.27258503387367333
1417,3.36267212228956,False,3.0718708616073,-0.17133276188582142,-1.1609551492895533,-0.2725923021604542
1418,1.9568087905699045,False,0.14830320273300227,-0.17138023549694614,1.6578959379998055,-0.272622108245202
1419,2.2357337210469628,False,-0.11041951010576842,-0.17104974359574682,1.9626366978557475,-0.2722682152837826
1420,3.2006575700551245,False,-0.13629178059688257,-0.17154929891012588,2.9276492354233565,-0.27281366751040953
1421,1.5346678412162396,False,0.6916209466398583,-0.1719221630220758,-1.5418808418798893,-0.2732325266422399
1422,2.5363022629897682,False,0.8727268754184709,-0.17134845988690595,2.0388218909289666,-0.27261292885074767
1423,2.63758905169091,False,-2.8011348705300927,-0.17142507781998195,-0.06896799249227706,-0.2726843496968932
1424,2.05667056730679,False,0.6657486716775876,-0.17158365618336974,-2.1513618857967387,-0.2728609906362892
1425,2.779293144265458,False,-1.714500008279315,-0.17155149009177523,2.0388218909289666,-0.27283970871080465
1426,0.9607456473205319,False,-0.7572262291610657,-0.17132084796484176,-1.0339799115591537,-0.2725724086326087
1427,1.1478056478688892,False,0.9762159807541639,-0.1712963863716752,-0.24673336092945738,-0.272544448861697
1428,2.0685171959677415,False,1.4419169833676988,-0.1712089141766226,-1.5672758869542227,-0.2724496960990191
1429,0.2985271537073973,False,0.12243093080030386,-0.17160609336251864,-0.22133830870838328,-0.2728839413455893
1430,3.5328304291634693,False,-3.603174725619763,-0.17128053190327774,0.5659083784348399,-0.2725333863374809
1431,2.0413158298877154,False,1.5195338216889656,-0.1715026804242477,0.8706490670718526,-0.2727504520945545
1432,1.7883273239955992,False,-1.2229270111641521,-0.17166137478713017,-1.71964615451832,-0.27294344793289405
1433,1.5356040662463375,False,0.4070259299917427,-0.17130299301395507,1.149994715768321,-0.2725415665244984
1434,2.5674407845153624,False,-1.9732226175011298,-0.1715722495996938,1.5563156891351626,-0.2728383262975639
1435,2.646834489037721,False,-0.006930426700287177,-0.1714862691767342,2.368957741958363,-0.2727562646111266
1436,4.216589938007597,False,3.30472146257868,-0.1716021429238721,-2.6592626954020964,-0.2728842876469302
1437,4.004657700351217,False,0.5622595732715578,-0.17149164990108579,3.6641063064943373,-0.2727567645979993
1438,0.604981747875124,False,0.25179229190566,-0.17145172550049098,0.15958749112439602,-0.27269044103759404
1439,2.128466860953863,False,-1.0676934223429826,-0.17138092105507313,1.6578959379998055,-0.2726458768932901
1440,0.7023068074450767,False,-0.7054816949490863,-0.17163862291129217,-0.7292393269899181,-0.2729070798943613
1441,3.0044341481791843,False,0.7951100479328339,-0.17136511279845973,2.5721182772866866,-0.272621879186082
1442,5.55371715053366,False,3.6151889488186115,-0.1713483663799466,-4.335334978718643,-0.27258895522911014
1443,1.681758171485216,False,-0.6019926247973808,-0.17125885833878196,1.3531551980341718,-0.272504512974081
1444,2.287743940773175,False,-1.171182482132475,-0.1716842904247483,1.784871252188521,-0.2729845917307886
1445,1.6240102773859024,False,-1.7662445312730422,-0.17113629306548483,0.0326122210715588,-0.27237568908743387
1446,2.610544677157215,False,0.14830320273300227,-0.17145637066451846,2.31816760950956,-0.2727194396263926
1447,7.1829622077489095,True,4.857059102903607,-0.17133153946993618,-5.401926122028903,-0.2725763797915433
1448,2.1512046925628865,False,-1.714500008279315,-0.17154488873136947,1.226179895582891,-0.2728091913868601
1449,2.105347069972687,False,1.9334903147149682,-0.17123261435667897,-0.22133830870838328,-0.2724810835759956
1450,3.7308669022227945,False,3.4858274936793476,-0.1718334897657669,-1.0085848636008574,-0.27314772991006947
1451,3.105787924943892,False,1.1314496430907452,-0.17135562354864303,2.546723209886358,-0.27260527745393637
1452,1.5948194612575268,False,-1.6110109605675413,-0.17132091143107037,0.41353804155992235,-0.27256426478542334
1453,2.243753492743857,False,-2.231945212360543,-0.1714848183076344,-1.1609551492895533,-0.27273769109654666
1454,1.6388523133017325,False,1.0279605342886469,-0.17126196462916576,-1.3895105685510931,-0.2725087963596388
1455,2.2264573923250306,False,0.8468545994455033,-0.17191906238959892,-2.252942052103035,-0.2732478777343799
1456,1.7591576410600587,False,-1.9214780968060052,-0.17137622479653614,-0.09436304553911588,-0.2726206618099928
1457,0.8186889912528128,False,0.5881318476565374,-0.17147586395214842,0.0326122210715588,-0.27275092809369894
1458,2.9875317519342146,False,-2.361306504406535,-0.17153394741766181,1.7594761890745205,-0.2728233641478922
1459,2.115523701849815,False,0.9762159807541639,-0.17123261174891163,-2.0497817172969857,-0.2724832401058281
1460,3.200931554005291,False,-0.11041951010576842,-0.1714491819719831,2.9276492354233565,-0.2727001144973636
1461,6.6327842575738885,True,6.461141881458026,-0.17159603808892282,-0.2975234649585516,-0.2728548314801286
1462,0.9643196842435633,False,-0.16216405094376135,-0.1715895584434589,-1.2371402902794493,-0.27286816147004683
1463,0.9687095971773587,False,0.5363872990308136,-0.17166907629382672,0.3881429858964797,-0.27295287831432324
1464,0.6927189704093514,False,-0.26565313089039166,-0.17149736877853544,0.41353804155992235,-0.2727502047843295
1465,5.275450421968077,False,1.6488952217824295,-0.17146433912965053,-5.224160948177032,-0.2727301714254752
1466,3.5735873194847985,False,3.1494877272925765,-0.1713342572365965,-1.592670931891375,-0.27257127613272736
1467,2.951650901279052,False,-3.0598574194768413,-0.17164882180931446,-0.8816096217484314,-0.27293179427298453
1468,4.687364335847238,False,3.718678115542473,-0.17120876930458556,-2.8878180418484485,-0.27244980240763256
1469,2.2403585580534986,False,1.6747675022349477,-0.17144443837766,-1.5418808418798893,-0.2727451445519669
1470,2.64403179278091,False,-0.7054816949490863,-0.17158554489709998,-2.8624230039021117,-0.2728563742900741
1471,1.4099115125932926,False,-0.7830984960511921,-0.17143301440599856,0.9976243598645628,-0.272696050038422
1472,0.362993393938259,False,-0.4726312838677691,-0.17143688710884986,-0.4752888247266098,-0.27269512644320193
1473,2.357962871390892,False,-0.4985035523418264,-0.17193102369615454,-2.608472616907718,-0.27324083681257466
1474,1.1142527281174552,False,0.14830320273300227,-0.17158969798615947,0.7944638930512302,-0.27288148813390267
1475,1.6045692675445205,False,-0.05867496869132367,-0.17157794741742605,1.3277601372679055,-0.2728301465150581
1476,0.8008736045124173,False,0.5881318476565374,-0.17170173289683466,-0.526078926279371,-0.27300606751874945
1477,0.8665459110338896,False,0.6398763968595522,-0.1715978687601088,-0.5768690272821031,-0.27288110449478586
1478,3.930119286867486,False,0.22592001939616,-0.17173728558135187,-4.182964795744382,-0.2730169177460289
1479,2.4602087304046925,False,-1.8179890536920662,-0.17138917166072876,-2.100571801821019,-0.27264047439592465
1480,1.276371145898255,False,0.6916209466398583,-0.17151919205057425,0.6674886057746037,-0.27278275285301173
1481,1.2943920901003627,False,-0.18803632114654464,-0.17171227446771736,-1.5672758869542227,-0.27299115911187893
1482,3.8466432169561258,False,3.0459985733355035,-0.17139978116239962,1.8356613788310865,-0.27265768237002763
1483,1.0171535734566934,False,-0.11041951010576842,-0.1713528095709581,-1.2879303835858922,-0.27260562165265684
1484,1.687513116781849,False,0.018941844511514178,-0.17151519717896796,1.4039453199811316,-0.27278515145335835
1485,2.896860885144795,False,-0.29152540051679304,-0.17151912542568248,-3.167163450225067,-0.2727896152499563
1486,2.573393344723565,False,-2.671773590679614,-0.1718488079286189,0.3373528749827858,-0.27314318404717186
1487,0.858230469604103,False,-0.9642043602516001,-0.17167783335699693,-0.6022640775772168,-0.27294575759638684
1488,1.9796997728788825,False,1.0279605342886469,-0.17140602785997633,1.3023650766396442,-0.2726678084737857
1489,0.8823952353388226,False,-0.8089707627972929,-0.17161589346998118,0.3373528749827858,-0.2728889986375577
1490,1.1136174430929524,False,-0.6796094276270933,-0.1712805736696118,0.7182787202716235,-0.2725469617938672
1491,2.2178276398538164,False,2.036979443757724,-0.1715899610856056,-0.4752888247266098,-0.27286151044629336
1492,1.2887315179520993,False,-1.171182482132475,-0.1713453839748918,0.5405133219444652,-0.2725981207963678
1493,0.7638967288207108,False,-0.7830984960511921,-0.17176125028860417,0.18498254554812732,-0.273045376626503
1494,3.7961700666449243,False,-3.577302474378615,-0.17146483490222791,1.4039453199811316,-0.27271039082057164
1495,1.3132363501950701,False,0.8985991515357439,-0.1715351911049477,-1.0339799115591537,-0.2727970178039113
1496,5.2257297718200855,False,0.9503437042036953,-0.1713461935282477,-5.376531097601778,-0.27260528674673323
1497,3.887255220993845,False,1.8817457510616957,-0.17144907719913194,-3.5734840146770197,-0.2727049864774016
1498,1.2608249888475065,False,-0.5761203568994955,-0.17141309721487036,0.9214391837751686,-0.2726668954788488
1499,1.7518853843307909,False,-0.9383320943689529,-0.1714974896187117,1.3023650766396442,-0.2727749478509135
1500,2.621678592087478,False,-2.464795535459893,-0.17143404481998126,0.9976243598645628,-0.2726864444776017
1501,1.7965613737115318,False,0.4070259299917427,-0.17146268057352548,-1.973596589482318,-0.2727198172910436
1502,3.150172860992438,False,-3.2668354483142203,-0.17137638928373816,0.31195781973267184,-0.27260929622103597
1503,1.0677104509788378,False,0.3811536566167605,-0.17155784510148875,-1.1863501964235268,-0.27283308571078807
1504,2.868377797590161,False,-2.930496146795462,-0.17195047889297016,-1.0593749593799255,-0.273257477189689
1505,3.7762211345973307,False,-3.9395139787276188,-0.17177948783810576,-0.526078926279371,-0.27307856961306687
1506,1.9446215115574341,False,0.7692377723930621,-0.1713941992015275,1.429340381161619,-0.27264715192736927
1507,1.3692971401552099,False,1.0279605342886469,-0.17136246843806519,0.3881429858964797,-0.2726106123808215
1508,1.2147806563722865,False,-1.2746715396204968,-0.17140362557894712,0.23577265480864396,-0.2726455753397167
1509,1.7360263873917856,False,0.27766456455939537,-0.1716475041241075,1.4039453199811316,-0.27292686445120756
1510,2.473728884498422,False,2.2439577087899667,-0.17147209300227317,0.26116770964556657,-0.2727145426070883
1511,0.9766549430977233,False,-1.145310217400843,-0.1715765817992273,-0.3483135684372733,-0.2728501048554975
1512,2.0122198284087482,False,-0.317397669999099,-0.17159336815824516,1.734081126098594,-0.2728476058944098
1513,3.927371448424654,False,-2.2578174710568133,-0.17155356384547854,3.0546245841914765,-0.2727983446309236
1514,3.7890725538714665,False,3.227104594282897,-0.17133666696663424,-1.948201546603158,-0.272593389017022
1515,4.666128535159559,False,4.3396131646786795,-0.17142912908151275,-1.4656957058332527,-0.27269485849544794
1516,0.26652073662972325,False,-0.3432699393373095,-0.17146182964397766,-0.06896799249227706,-0.27271583907002955
1517,3.3785701755746618,False,2.1404685751158703,-0.17134304462020117,2.1911922808079964,-0.2725972412987627
1518,1.716184134545947,False,-1.404032858244829,-0.17142954160947643,0.9214391837751686,-0.2727028173919399
1519,2.8665412795486875,False,0.7433654969976655,-0.17151413465039833,-2.9893981922650044,-0.272773140342997
1520,2.057460391433132,False,-0.16216405094376135,-0.1713188431095261,1.784871252188521,-0.27256740025176956
1521,1.7984461783237728,False,-1.6886277465669726,-0.1712149308024602,0.6928836629542484,-0.2724430417644689
1522,1.8558592042736395,False,1.0797050884007007,-0.1716212270344521,-1.6434610213537926,-0.2729160599847951
1523,2.393100941423974,False,1.2090664762091863,-0.17156815431749411,-2.2275470107321125,-0.27286557846032056
1524,4.163622114002611,False,-1.792116792554357,-0.17148168424481824,3.562526013899524,-0.2727431036439632
1525,1.0246703735782627,False,0.7692377723930621,-0.17125554810846189,0.1341924368383265,-0.27251430748432026
1526,0.4647797626836634,False,-0.08454723947062875,-0.17140155201799984,-0.7292393269899181,-0.2726499218980528
1527,2.3403780697270875,False,-1.6627554847108148,-0.17173673028910497,1.5309206272642377,-0.2730253083210831
1528,3.619095998595696,False,3.4082106223371342,-0.1713121547338306,0.26116770964556657,-0.2725611427598207
1529,0.6452384722457051,False,-0.44675901524968625,-0.17142429263614867,-0.8562145729656749,-0.2726727403349981
1530,1.8679034477947167,False,-1.0935656875061317,-0.171612053638108,-1.897411460433363,-0.27289272130509457
1531,2.7578181447275916,False,2.036979443757724,-0.17166362168975174,1.3785502589386491,-0.272949282666777
1532,3.4025523626565684,False,-2.8011348705300927,-0.1711653102976778,1.886451506026359,-0.27239233846904276
1533,3.7830141372899933,False,3.0201262852087822,-0.17145393225584515,-2.303732134433886,-0.2727200384022485
1534,3.0659282389428673,False,2.683786552751459,-0.1715395693630445,-1.3895105685510931,-0.27280721030050664
1535,1.147196299037287,False,-0.5243758206716483,-0.1713481016941778,-1.364115522515805,-0.2725905998673857
1536,0.56258131284928,False,-0.11041951010576842,-0.17141969272859364,0.2865627646202197,-0.27269951446798046
1537,2.477944194511031,False,1.2090664762091863,-0.17155348725106967,1.784871252188521,-0.2728199409606995
1538,2.463174873514827,False,2.2439577087899667,-0.17165349732091917,-0.7546343764599536,-0.27292397773495164
1539,2.649212466544703,False,1.0279605342886469,-0.1713306932397839,2.0896120203357533,-0.27259484293523656
1540,3.2625405118085014,False,-2.1543284354103776,-0.1713256682137072,2.31816760950956,-0.2725592665385699
1541,1.673274647308258,False,-1.7662445312730422,-0.1716549588651382,-0.7800294257926019,-0.2729512108102866
1542,1.2625555578551175,False,1.053832811272451,-0.1715755261280248,-0.5768690272821031,-0.2728632834232299
1543,1.841979531730059,False,-1.4299051215383043,-0.17160012787655998,-1.6180659766912087,-0.27286987889303194
1544,1.7773035396280246,False,0.12243093080030386,-0.17144748495868561,1.4801305039367465,-0.2727076419142343
1545,1.0591079761481679,False,0.6140041221858921,-0.17130056509367453,-0.9831898155051739,-0.2725570724072781
1546,1.893083597343941,False,-2.050839397466738,-0.17152179931452527,-0.5006838755717526,-0.27280252230146035
1547,3.216759265905434,False,2.1663408583173243,-0.1712749752121534,1.937241633774407,-0.27252835652805
1548,2.773238012467787,False,-1.0159488915850277,-0.17128091332227308,2.368957741958363,-0.27251495680712684
1549,0.8348985552175313,False,-0.8865875621720717,-0.17155824099236588,-0.7038442773823581,-0.27281694365397374
1550,1.6730236303264134,False,1.1573219206524004,-0.17151604757134625,0.7436737777269351,-0.2727888888526127
1551,1.6241326674628955,False,-0.44675901524968625,-0.1716307218897397,1.3277601372679055,-0.27289730887499325
1552,3.988551102310912,False,3.0977431500240304,-0.17133757701933638,-2.5576825378652335,-0.2725903666691169
1553,0.9557438427478757,False,-0.9642043602516001,-0.1715563895516637,0.26116770964556657,-0.27282971242038895
1554,2.923079804400592,False,-2.930496146795462,-0.17153510628681007,0.6928836629542484,-0.27279014117174877
1555,2.3296655516891946,False,1.5454061014184182,-0.17127883891168166,1.3023650766396442,-0.2725396505007259
1556,2.3450224628355802,False,1.5195338216889656,-0.17126697488236547,-1.897411460433363,-0.2725069510607877
1557,1.8172856780791062,False,0.6916209466398583,-0.17154406589232196,-1.8720164171427967,-0.2728071023674866
1558,1.7921911507671506,False,-0.3950144775816538,-0.17139527796717396,1.5055255655313866,-0.2726591179619387
1559,2.2613806029147665,False,2.0887240091473473,-0.1713558586076086,-0.1959432563497847,-0.27260652395733315
1560,1.9885974041149452,False,-1.895605836242999,-0.17167753881481185,0.7182787202716235,-0.2729760393686458
1561,2.0799055278495047,False,0.820982323616981,-0.1714571447473897,-2.100571801821019,-0.2727126913195483
1562,2.7349487619531767,False,-1.9732226175011298,-0.17143513624826978,1.784871252188521,-0.27267675597873653
1563,4.269126078473659,False,2.683786552751459,-0.1713411167823663,-3.4465088420466374,-0.2726030019797624
1564,3.501296641540837,False,1.1314496430907452,-0.17163144569780225,-3.522693946035106,-0.27291645069765647
1565,0.458930858449367,False,0.25179229190566,-0.1716357442340799,-0.44989377374387385,-0.2729158992901717
1566,1.9128336965613038,False,-0.3432699393373095,-0.17133946393753974,1.6325008755764483,-0.2725891528722179
1567,1.14135113417032,False,-0.5761203568994955,-0.1714721832618174,0.7944638930512302,-0.27274794930720814
1568,1.4337753718150172,False,-1.352288331226431,-0.1714241788213154,0.5405133219444652,-0.27267128271309576
1569,3.795963899481578,False,3.30472146257868,-0.17165541413967994,1.2515749557971372,-0.27293801242594445
1570,1.0438847802688085,False,-0.23978086111982483,-0.1713278243883532,0.7690688353201144,-0.27256678075175417
1571,2.7676006948871903,False,2.2180854251543374,-0.17176110742557743,-1.668856065879264,-0.2730637384442435
1572,2.2503780602249503,False,2.036979443757724,-0.17178156646075954,-0.7038442773823581,-0.2730761576389793
1573,3.0355889087901176,False,-2.5941568210481694,-0.17151076944448396,1.5563156891351626,-0.2727781991546084
1574,4.07857805114919,False,0.4070259299917427,-0.17132777276698485,-4.3099399485641685,-0.27257685865465114
1575,1.6695174746147818,False,-1.5333941732746084,-0.1714060301031765,0.6928836629542484,-0.27265992059414346
1576,1.1495630384265179,False,0.5881318476565374,-0.1714348507327343,-1.1355601020181927,-0.27268618782391973
1577,4.083577186410382,False,3.8739118699835515,-0.17133107150737914,-0.8308195240453939,-0.272603163089512
1578,0.40446635122388347,False,0.22592001939616,-0.1714050677342182,-0.3483135684372733,-0.2726609263277216
1579,0.7844787742846382,False,0.09655865901177087,-0.1716044460568923,0.4643281533004109,-0.272891623815129
1580,1.7140999232686096,False,1.3643001463474882,-0.17151867329105958,-1.0339799115591537,-0.2727978789847708
1581,0.21008736970003136,False,-0.05867496869132367,-0.1713540570692435,-0.44989377374387385,-0.27259120696115846
1582,1.580065895200831,False,-0.29152540051679304,-0.17185865752541674,1.3023650766396442,-0.2731549330617318
1583,4.792090202719804,False,2.2439577087899667,-0.1714226932343506,-4.411520068362959,-0.2726719626302173
1584,2.2836511301264455,False,0.8727268754184709,-0.17157066403135302,-2.303732134433886,-0.2728450103354753
1585,3.372527216850729,False,2.709658838994027,-0.17151423394145798,1.4801305039367465,-0.2728044539767695
1586,2.527530246684326,False,1.1831941983585708,-0.17150152635088994,1.8610564423596516,-0.27276806526749636
1587,1.7663633145727429,False,0.4587704771744831,-0.17142991252442646,-1.9228065035868853,-0.2726898843410931
1588,3.6242108074355044,False,-2.050839397466738,-0.17155489506313149,2.8260689589013284,-0.2728327788469915
1589,6.157114298067209,True,-3.1116019275459847,-0.1715131711641733,5.137020798676025,-0.2727788951218977
1590,3.4465486085095236,False,2.683786552751459,-0.17135702339671466,1.6578959379998055,-0.27260879493997375
1591,2.0001284384079225,False,1.2608110323438928,-0.1718525637852813,-1.668856065879264,-0.27315975000936754
1592,1.3881262873010412,False,-1.3781605948076079,-0.17167359533954724,0.41353804155992235,-0.27295796193359345
1593,1.9214446022224396,False,1.6747675022349477,-0.17131517169988392,-0.8054244749877258,-0.2725822849613882
1594,1.922926612691554,False,-0.9642043602516001,-0.17129402089915752,-2.024386674829232,-0.27254987229190275
1595,2.1879945342290936,False,-0.5243758206716483,-0.17164270762708483,1.886451506026359,-0.2729219626011987
1596,1.9329794173402228,False,1.700639782832121,-0.17123419744637847,-0.7546343764599536,-0.27246513476569106
1597,2.4340345653740996,False,0.6657486716775876,-0.17103492544163834,2.0134268264330615,-0.27224335179700665
1598,4.122562324985046,False,-2.8011348705300927,-0.17129966582421502,2.9022541660851897,-0.2725652886730341
1599,1.94428125638224,False,1.7523843444601526,-0.17161244368389889,0.007217167474072828,-0.2728943368802244
1600,2.150291925662348,False,1.4419169833676988,-0.17144729942401743,-1.694251110267417,-0.2726995265643483
1601,2.4398190044961385,False,1.286683310628054,-0.17153096104743387,1.6832910005613049,-0.2728088608730354
1602,1.6637582366514616,False,1.4419169833676988,-0.17166336780138247,-0.6784492276372737,-0.2729354751641735
1603,2.3908515834879536,False,-2.3354342462844087,-0.1713065721465254,0.7436737777269351,-0.27255281667310816
1604,3.6851837662432434,False,2.4250636982934193,-0.17152639229071004,-2.8878180418484485,-0.2728040647599531
1605,2.152663896166794,False,1.0797050884007007,-0.1712848877017949,-2.024386674829232,-0.27253683759769154
1606,2.543963765238789,False,1.6488952217824295,-0.1712339271484435,-2.0497817172969857,-0.2724601872083657
1607,3.1430004766722677,False,-0.9383320943689529,-0.17145675577543928,2.7752788214710913,-0.27272918854274586
1608,0.736538572157925,False,-0.13629178059688257,-0.17161300792445106,-1.0085848636008574,-0.27289600992388047
1609,0.7298685568443531,False,-0.8089707627972929,-0.1713099054888897,-0.6276591277347373,-0.2725677055049465
1610,1.6339629552459902,False,1.1831941983585708,-0.17152147778967886,-1.1863501964235268,-0.2727971751510409
1611,3.457274237408953,False,-2.671773590679614,-0.17142508042045995,2.115007085246429,-0.2726695845868155
1612,2.8746225590765913,False,2.683786552751459,-0.17171252848245244,0.05800727480677521,-0.2730096426059413
1613,2.2161702220388095,False,0.20004774703082542,-0.1716465451461735,1.9118465698312774,-0.2729299833516809
1614,3.782272800668195,False,-3.240963195211023,-0.17164364206659122,1.937241633774407,-0.2729304176824416
1615,1.4907507942868576,False,-1.4816496476939478,-0.17122973008412523,-0.9831898155051739,-0.27246728486881483
1616,2.033230926111859,False,-0.11041951010576842,-0.1715649998981149,1.7594761890745205,-0.272834377490669
1617,1.462241741666084,False,1.1573219206524004,-0.17153592853239286,0.3373528749827858,-0.2727987566868283
1618,1.852786318302807,False,0.25179229190566,-0.17156958428650598,1.5309206272642377,-0.2728475600105278
1619,3.3446556213943546,False,2.8907648467494793,-0.1713042055980401,-1.6180659766912087,-0.2725368710413113
1620,2.20523339495698,False,-0.4726312838677691,-0.17144459037563797,1.9118465698312774,-0.27272187853223884
1621,1.3757867137435282,False,-0.7572262291610657,-0.1712976489834943,0.972229301030093,-0.27254768988309797
1622,1.9460316295701146,False,-1.6886277465669726,-0.17132513361412616,-1.4910907513193357,-0.2725559720931089
1623,3.6526458030311075,False,2.50268055310991,-0.171574369484506,-2.7608428507474936,-0.27283611249341094
1624,2.062675899294497,False,-0.9642043602516001,-0.17131437346757317,-2.1767569275789302,-0.27256382056819733
1625,3.723641494814342,False,-1.7403722698479815,-0.17143181313098432,-3.6496691166148425,-0.2726985844238824
1626,2.7385438148244416,False,1.5454061014184182,-0.17133214384826545,1.8610564423596516,-0.2725852477341059
1627,4.093679087107575,False,-3.1633464350419644,-0.1715935677959305,2.5213281426244465,-0.2728839990437985
1628,0.5631189926240506,False,-0.7054816949490863,-0.17130388867126156,-0.09436304553911588,-0.2725502792968862
1629,2.8620607963549367,False,1.286683310628054,-0.17139151265095875,-2.7354478121165555,-0.2726431134875517
1630,0.3918289903317873,False,-0.5502480888575147,-0.17162177221824648,-0.3737086199703131,-0.27288605096236257
1631,1.4426343173918448,False,0.6398763968595522,-0.17170034074519397,-1.4656957058332527,-0.27299700076609007
1632,3.597586795887061,False,1.700639782832121,-0.17167737050369958,-3.3449287014808977,-0.2729505519492947
1633,3.4903746743216595,False,-2.361306504406535,-0.171817703123765,2.4451429416688026,-0.273097296968957
1634,2.7856149991431933,False,-1.1970547467202914,-0.17129055556143769,-2.8624230039021117,-0.27254838815796967
1635,0.7368677916297012,False,-0.7054816949490863,-0.17127206335226225,-0.7800294257926019,-0.2724991758971133
1636,1.1954329206756915,False,-0.5243758206716483,-0.17148699683086682,-1.4149056144490628,-0.2727465147631345
1637,0.6048534494138983,False,-0.7313539621270538,-0.17170862208842697,-0.043572939307845095,-0.2729983897732462
1638,2.0737686004490303,False,1.3384278676297816,-0.1715109038936189,-1.694251110267417,-0.27277335072808506
1639,2.759679523027652,False,2.3733191291399662,-0.1715996804439101,0.7944638930512302,-0.27287662372488836
1640,2.388139916196875,False,1.6230229414745665,-0.17176018916868602,1.3023650766396442,-0.2730566252710626
1641,2.18725194725195,False,-0.05867496869132367,-0.17127156245630804,1.9118465698312774,-0.27250357771317485
1642,2.3851168130261455,False,2.0887240091473473,-0.17174164248326246,-1.0339799115591537,-0.2730185523464852
1643,2.8615451787787833,False,-0.9900766259902216,-0.17154928856492135,-3.0147932295270143,-0.2728138645318254
1644,2.155776385480006,False,-1.9990948776333184,-0.171604948927516,0.8706490670718526,-0.2728751275133891
1645,0.763685105672769,False,-0.11041951010576842,-0.17148219569270995,-1.0339799115591537,-0.2727412036620907
1646,1.3270553324208427,False,-0.03280269776778321,-0.1716143423844691,-1.592670931891375,-0.27289683760057876
1647,0.5138335749637826,False,-0.6796094276270933,-0.17138066337843438,-0.3483135684372733,-0.2726508475850462
1648,1.7445704156258526,False,-0.6537371601612146,-0.17134064939876598,1.4039453199811316,-0.2726030092152796
1649,1.1429627061201049,False,-0.7830984960511921,-0.1713000707914631,0.6928836629542484,-0.2725487118188335
1650,1.7658747802248738,False,0.3035368373573661,-0.171548260677458,-1.973596589482318,-0.27283011065931845
1651,2.9709997527788103,False,2.4509359830875477,-0.1717537674333965,-1.668856065879264,-0.27303295673958905
1652,3.166443214542555,False,-2.128456176139824,-0.17141067328284337,2.2165873462717225,-0.27265609023745124
1653,1.0899016977976799,False,0.14830320273300227,-0.17156652975328085,0.7690688353201144,-0.2728361737884341
1654,2.115055613817982,False,-0.7572262291610657,-0.17161705202352895,1.7594761890745205,-0.27289121418203105
1655,0.44102026781743175,False,-0.08454723947062875,-0.17150986688442627,0.15958749112439602,-0.27277141746025974
1656,4.8022832199129875,False,-2.050839397466738,-0.17135130525349712,4.146612726627352,-0.27260038478538695
1657,4.288238163038409,False,3.4082106223371342,-0.1714161202125099,-2.6338676562233947,-0.27266952665768707
1658,1.4072172400244096,False,1.0279605342886469,-0.17164893241165002,-1.0085848636008574,-0.2729277819697589
1659,2.06047651551178,False,1.8041289066668746,-0.17160221847108037,0.31195781973267184,-0.27289064037005023
1660,5.002169169935894,False,-5.12963729565553,-0.17129002499056567,0.3881429858964797,-0.2725249841835517
1661,3.2317164970693777,False,2.3215745605655536,-0.17140183881208065,-2.329127175393402,-0.27265990369490756
1662,1.461146913363956,False,-1.5592664358492851,-0.171320297625778,-0.7292393269899181,-0.2725661564480107
1663,1.3094640906141815,False,-1.3781605948076079,-0.17145842303719178,0.23577265480864396,-0.272719605653671
1664,2.860447413237108,False,2.683786552751459,-0.1711151908522771,-0.09436304553911588,-0.2723366207533093
1665,1.006267352915329,False,-1.0676934223429826,-0.17168135207559004,0.18498254554812732,-0.27298205851611296
1666,0.6708641208993192,False,0.3811536566167605,-0.1715551900299362,-0.6530541777547334,-0.2728310258848153
1667,4.4528025952307155,False,3.537572075299577,-0.17142876782553462,2.1911922808079964,-0.27269931119180413
1668,1.7837974700697818,False,-1.8179890536920662,-0.17148100278900374,0.41353804155992235,-0.27271254320595706
1669,2.249072986050515,False,-0.7054816949490863,-0.17166348813309917,1.9118465698312774,-0.2729560651258528
1670,1.4142688204712193,False,-0.6796094276270933,-0.17155169904207257,-1.592670931891375,-0.27281111964200355
1671,2.7858159469209065,False,-0.8865875621720717,-0.17146317513307702,2.4197478749603536,-0.2727166965170514
1672,4.373981998217621,False,3.4082106223371342,-0.17145780284427342,-2.786237889241525,-0.27273611648402096
1673,2.2097791373503792,False,2.036979443757724,-0.17146504568223597,-0.1959432563497847,-0.27272062163036914
1674,2.441364396328082,False,-2.464795535459893,-0.171528308720376,-1.110165054609651,-0.2727979273296737
1675,4.417331263287246,False,-3.8877694798238567,-0.17124408176636263,2.115007085246429,-0.2725106251857411
1676,2.9607882549531293,False,2.7614034119138973,-0.17145058936930374,-0.6784492276372737,-0.2727003095422483
1677,1.375975896725753,False,-0.9383320943689529,-0.1713058675524216,-1.4149056144490628,-0.2725509194118169
1678,2.01176553807516,False,0.6657486716775876,-0.1716224016627178,1.5563156891351626,-0.2728930124834763
1679,2.1516241096026394,False,-2.024967137621831,-0.17126096045805134,0.819858950920145,-0.27250129140723334
1680,3.552003716922658,False,-3.4479412160249425,-0.17169534207232606,1.0992045965818062,-0.27299722828143025
1681,2.002851902913684,False,-1.7403722698479815,-0.17147306442815324,0.972229301030093,-0.27274856229307864
1682,1.283309489006007,False,-1.3005438036329806,-0.17159372644595733,0.3373528749827858,-0.2728509226694956
1683,1.2386630239878054,False,-1.3781605948076079,-0.17131468354359064,-0.5514739768495337,-0.27254068079937765
1684,1.6469902650230626,False,1.4419169833676988,-0.1715101759707912,0.05800727480677521,-0.27279317235259254
1685,2.0215002095764825,False,-2.128456176139824,-0.17160836894839648,-0.7800294257926019,-0.2728762139537695
1686,0.8317043457952633,False,-0.6019926247973808,-0.17132620153235473,0.43893309736130137,-0.27258144063743506
1687,1.6769546050572968,False,0.3294091102995722,-0.1714156525284149,1.3277601372679055,-0.27266127986693767
1688,1.9511678262701782,False,1.7782566254911512,-0.1714024724612805,-0.1959432563497847,-0.2726382104188405
1689,0.7427138188777396,False,0.044814115867411006,-0.17139977056515582,-0.9831898155051739,-0.27264592913142593
1690,0.5863157262678662,False,0.25179229190566,-0.17145308095731576,-0.6784492276372737,-0.27270623335597305
1691,0.03089524815019489,False,-0.18803632114654464,-0.17153412917924782,-0.24673336092945738,-0.27279330912569444
1692,4.203751088020954,False,2.3991914136442953,-0.1714547812713592,-3.598879048793063,-0.2727251271948127
1693,2.5512765984143093,False,-2.464795535459893,-0.17156151606485281,0.8452540089270649,-0.27281819699714255
1694,3.147648285801973,False,0.3811536566167605,-0.17143756652970754,2.8260689589013284,-0.27269380636392715
1695,0.6532202090512496,False,-0.7830984960511921,-0.17134954571084454,-0.043572939307845095,-0.2726045601997529
1696,2.494505604609105,False,0.7692377723930621,-0.17147541790500553,-2.583077577454998,-0.27274951824890625
1697,1.2341785049921143,False,-0.3691422085315643,-0.17156129060501746,-1.4910907513193357,-0.27283149597653755
1698,4.188725688990885,False,-2.464795535459893,-0.17153119538400236,3.2323900782844106,-0.27280030395468996
1699,3.844331457916589,False,3.123615438585766,-0.17149609307469355,-2.252942052103035,-0.2727595876372567
1700,1.0507215718091474,False,0.7174932217466442,-0.17177783851545858,0.2865627646202197,-0.2730800116575768
1701,3.743588968457069,False,-3.9136417293473307,-0.17141714170216243,-0.3737086199703131,-0.2726601544855108
1702,0.9502478399452973,False,0.4587704771744831,-0.1712136622948381,0.43893309736130137,-0.272458173016426
1703,1.6658822247495881,False,-1.8179890536920662,-0.1714830717685139,-0.526078926279371,-0.27274181681478593
1704,3.908523849568579,False,-3.9653862279648604,-0.17169953198909715,0.6674886057746037,-0.27298529594055687
1705,1.2647628506454283,False,-1.4299051215383043,-0.1716104396109721,-0.14515315121967087,-0.2728820207471593
1706,2.128421845577235,False,1.9076180328159695,-0.17120129091937425,-0.7292393269899181,-0.2724270283054206
1707,3.036148187995947,False,1.4936615421040982,-0.17164962140188894,-2.8116329275985814,-0.2729460544797333
1708,2.3656244338870205,False,0.7951100479328339,-0.17144043269627612,1.886451506026359,-0.2727051350623518
1709,3.849237802447711,False,-1.8697335755363174,-0.17153939693880615,3.181599936422357,-0.2727831823401913
1710,1.4628595334640193,False,-1.404032858244829,-0.17142889854382154,0.5151182655919585,-0.27269106733156556
1711,3.276451770132471,False,-0.08454723947062875,-0.17153612309761135,-3.548088980424482,-0.2727927079501567
1712,2.949994099953756,False,-0.317397669999099,-0.1714462306794774,2.6736985482716897,-0.2726822808235939
1713,0.6897229492780451,False,0.09655865901177087,-0.17149711824370512,0.3627479303707676,-0.272753006469437
1714,3.789626286634232,False,1.4419169833676988,-0.1715222046760922,3.156204865699127,-0.2728008647722821
1715,3.176810960845331,False,2.2698299925703904,-0.17171406476741913,1.7594761890745205,-0.2730054459448597
1716,1.9307640534051682,False,-0.13629178059688257,-0.1712952579834407,1.6578959379998055,-0.2725488578985815
1717,1.2282229153550506,False,-1.3005438036329806,-0.17120098529007494,0.21037760010945175,-0.2724304412106332
1718,4.060158946396875,False,2.2957022764956094,-0.17143792677793235,-3.4972989115090294,-0.272689217704003
1719,0.8009452256915801,False,0.5881318476565374,-0.17179420377976673,-0.526078926279371,-0.273082274080162
1720,2.782086848518383,False,-0.44675901524968625,-0.1712330607439112,2.4959330755008837,-0.2724746743453095
1721,2.546520092688187,False,1.700639782832121,-0.17143866573478544,-1.9989916322242969,-0.2726993562753686
1722,0.7674759353438394,False,0.17417547480979617,-0.17117544987973443,-0.957794767272172,-0.2724234233778711
1723,2.460335790528072,False,-1.8179890536920662,-0.17129404951959054,-2.100571801821019,-0.272556674502559
1724,2.4480979669815963,False,-2.387178762385126,-0.17132361418395542,-1.3133254300332045,-0.2725737039614806
1725,4.459089686084138,False,3.511699784416925,-0.17146452532505635,-2.786237889241525,-0.2727185658400343
1726,1.592718548787228,False,0.6398763968595522,-0.17176907899985328,-1.6434610213537926,-0.27306989318365904
1727,3.504823085188539,False,3.0201262852087822,-0.17151493527472195,1.1753897755685518,-0.2727848048292629
1728,2.7228787879175176,False,1.1831941983585708,-0.17125048184476632,2.0896120203357533,-0.27249269748204347
1729,1.9519086511128017,False,0.25179229190566,-0.1716387082489707,1.6325008755764483,-0.272925408866457
1730,0.5189541989524148,False,-0.5502480888575147,-0.17155793296905802,-0.6276591277347373,-0.272828665852866
1731,1.2706101082728531,False,-0.16216405094376135,-0.17167794609130144,0.9976243598645628,-0.27294592459424183
1732,3.2599957378224205,False,2.942509421698298,-0.17161147935096183,-1.2371402902794493,-0.2728705710471215
1733,2.5101588856589037,False,1.8041289066668746,-0.17169430148534498,-1.8212263301501208,-0.272996725823845
1734,1.9930171859524943,False,-2.1543284354103776,-0.17161573804765579,-0.4752888247266098,-0.2728939767760241
1735,6.201809107091131,True,-1.5592664358492851,-0.17134029641009585,5.771897879170473,-0.2726113060687527
1736,2.8218155336887105,False,-0.29152540051679304,-0.17127306182055158,2.546723209886358,-0.2725272335924684
1737,1.2068406566748993,False,-0.4726312838677691,-0.17132323981998948,0.8960441253545081,-0.2725756677272697
1738,2.104820463304858,False,0.27766456455939537,-0.17153429204980059,-2.329127175393402,-0.27279863396296256
1739,1.8153244051925712,False,-1.1970547467202914,-0.17138364087237612,-1.7704362426085827,-0.27263838235620313
1740,3.7094888198090143,False,3.537572075299577,-0.17155897038157408,-0.22133830870838328,-0.2728470195247588
1741,3.39715495422671,False,0.20004774703082542,-0.17162140174523516,-3.6496691166148425,-0.2729072949376663
1742,2.9169322479026976,False,-3.0857296735831112,-0.17153431672352915,-0.39910367136569114,-0.2727886720432544
1743,2.1141106430783108,False,-2.2836897296095477,-0.1709639598224612,-0.1959432563497847,-0.2721762970041656
1744,4.388108078060833,False,4.184379394550151,-0.1712445751289185,-0.8054244749877258,-0.27248733713586326
1745,3.1140978276066695,False,2.7355311253815295,-0.17139572871961312,-1.3895105685510931,-0.27264941710716406
1746,1.688495345779095,False,-0.3691422085315643,-0.17168056391104863,1.4039453199811316,-0.2729617532195649
1747,5.014686123927856,False,-2.231945212360543,-0.17164270634437684,4.298983185498349,-0.27291171704538353
1748,1.663591166884972,False,1.1831941983585708,-0.17146206614553455,0.6928836629542484,-0.27274603131083053
1749,3.4903446763068637,False,3.175360016144322,-0.17180125202709173,-1.26253533700133,-0.27309164640020145
1750,1.199797671662259,False,-0.8089707627972929,-0.17153496332338597,0.7436737777269351,-0.27278357512236656
1751,0.5097547641095884,False,-0.13629178059688257,-0.17150941054839947,0.23577265480864396,-0.2727609966335581
1752,1.8550506089850765,False,-2.024967137621831,-0.17150955442853805,-0.1959432563497847,-0.2728013579415552
1753,2.022980194082755,False,0.6398763968595522,-0.17157490208023424,-2.125966843877435,-0.2728628962312724
1754,1.2648738302259848,False,0.9503437042036953,-0.17134888945412036,0.31195781973267184,-0.2725995148874688
1755,1.656477215497098,False,1.3125555890567302,-0.1711025580176208,0.4643281533004109,-0.27232183627482665
1756,2.4373060337337855,False,0.4328982035109602,-0.17139981977619562,-2.6338676562233947,-0.27266416316948444
1757,1.1058358138481519,False,0.8985991515357439,-0.17155981695786404,-0.5514739768495337,-0.27284937093059053
1758,2.0098421453905724,False,-2.128456176139824,-0.17141201602241501,0.18498254554812732,-0.27266492809502096
1759,4.604260139430238,False,2.2180854251543374,-0.17145214615747656,-4.208359826581397,-0.2727125003455538
1760,2.366972697523982,False,2.1404685751158703,-0.1715079652471468,-0.7800294257926019,-0.27276098808990223
1761,3.6645712542883446,False,-3.706663729152634,-0.17165879510457904,0.6928836629542484,-0.2729404667473949
1762,0.15208552941637143,False,-0.16216405094376135,-0.17143610752568278,-0.4244987226236134,-0.27270195668687724
1763,2.952085406818769,False,2.062851726380208,-0.17141950521119176,-2.2021519692240776,-0.27268619190023313
1764,0.6814270036413735,False,-0.6537371601612146,-0.17170706992740226,-0.7546343764599536,-0.272991354504305
1765,1.6745294766831775,False,1.4160447042164468,-0.1715144473409982,-0.8054244749877258,-0.27278623955460435
1766,2.1971296738599455,False,-2.3354342462844087,-0.17147380545265195,-0.6530541777547334,-0.27272344944100185
1767,1.8833245163181553,False,1.6488952217824295,-0.17183418411904527,-0.7546343764599536,-0.2731397489313226
1768,1.981573000615256,False,1.8041289066668746,-0.17152470410838921,-0.11975809844822427,-0.272805001835441
1769,2.0683179230472892,False,0.3294091102995722,-0.17144136093993073,1.734081126098594,-0.2726786093430011
1770,1.2452793667427595,False,0.9762159807541639,-0.17151228681457176,0.21037760010945175,-0.27277726380237166
1771,1.8606615351455527,False,-0.6278648925513105,-0.17165402654499035,1.5309206272642377,-0.27294421127476043
1772,1.248298833753867,False,-1.1970547467202914,-0.17154637588801458,0.43893309736130137,-0.2728110301359847
1773,0.8334252443811379,False,-0.9124598283424901,-0.17153317031233567,0.10879738269012472,-0.27280967166927744
1774,3.842350439823635,False,3.4082106223371342,-0.171551535476355,-1.668856065879264,-0.2728061346171883
1775,1.063955609919547,False,-1.119437952525465,-0.1715266706115655,0.21037760010945175,-0.2728040715248859
1776,1.626994632781034,False,1.3901724252097098,-0.17146770708869158,-0.7292393269899181,-0.27274135699838137
1777,2.518942125222616,False,-2.464795535459893,-0.17131303960722866,0.7690688353201144,-0.2725651126996436
1778,1.8788791353791388,False,-1.9732226175011298,-0.17144507318073776,-0.8054244749877258,-0.2727117425034058
1779,5.290320666883852,False,3.123615438585766,-0.17133971681632443,-4.411520068362959,-0.27258799635021874
1780,1.3771468269812652,False,-0.29152540051679304,-0.17144309386740458,1.0992045965818062,-0.2726960960358038
1781,1.7498288478629802,False,1.3643001463474882,-0.17146999282074943,0.5659083784348399,-0.27272689473385436
1782,2.0751689718666224,False,1.6230229414745665,-0.17159421916289808,0.7690688353201144,-0.272887993234183
1783,2.982507370509795,False,-3.0339851652272456,-0.17146332931087532,-1.110165054609651,-0.2727183867039611
1784,4.076404267318373,False,-3.3185799540906373,-0.17152678933538873,2.31816760950956,-0.2728026350433365
1785,2.525318144168927,False,2.2439577087899667,-0.17142361703546227,0.4643281533004109,-0.27266718185518696
1786,1.9699376099544694,False,-1.5851386982802862,-0.1715622370250185,1.0992045965818062,-0.2728199427290964
1787,2.783633996006264,False,2.606169694893014,-0.17184471783106214,-0.44989377374387385,-0.27315676888318996
1788,1.5786117500338235,False,-0.4726312838677691,-0.17137566091446932,1.2769700161493882,-0.2726289056420099
1789,1.4152392201790926,False,0.9503437042036953,-0.17140954043205392,-1.1355601020181927,-0.27267580357411225
1790,1.426782812620997,False,0.12243093080030386,-0.17138935468276656,-1.668856065879264,-0.2726555970492938
1791,1.8024010004543207,False,-0.18803632114654464,-0.17159869550858803,-2.0751767596275585,-0.27285271509875764
1792,0.7674522282828575,False,-0.9383320943689529,-0.17129138823819362,-0.2975234649585516,-0.27251904303723506
1793,4.0890620889640505,False,3.4599552030868455,-0.17141104167583437,1.6071058132912335,-0.2726828723632538
1794,2.3860417003462304,False,0.8985991515357439,-0.17138663862081943,-2.405312297450649,-0.27263266816539283
1795,1.7258992360539365,False,0.5881318476565374,-0.1714913150778073,1.2769700161493882,-0.272771871187271
1796,5.536971113522861,False,-4.689809148541142,-0.1713608790555758,2.9276492354233565,-0.2726117808070107
1797,0.827364651337975,False,-0.8607152958577676,-0.17156675756212036,0.18498254554812732,-0.2728430649441014
1798,1.695950971839221,False,-1.8179890536920662,-0.17162283557735936,0.1341924368383265,-0.27289843441130057
1799,1.2555541927182605,False,-1.2229270111641521,-0.17166150956815374,0.41353804155992235,-0.27293827137485377
1800,1.19449248860774,False,-0.11041951010576842,-0.17150742528358137,-1.4656957058332527,-0.2727672445905033
1801,0.7621499551219101,False,-0.3691422085315643,-0.17129758792155592,-1.0085848636008574,-0.27256789558786554
1802,2.4935939253701473,False,-2.4130510202202506,-0.1716823742039158,0.819858950920145,-0.2729675609771139
1803,5.1447466708722915,False,-3.9136417293473307,-0.17135178271772739,3.2577851494233037,-0.2726085840881527
1804,2.8051433376107955,False,2.632041980700987,-0.17124790920301458,-0.170548203853593,-0.27246352918014327
1805,1.6656152433466236,False,-1.7403722698479815,-0.1714634926871575,0.2865627646202197,-0.27272022092551035
1806,0.8838747230865792,False,0.27766456455939537,-0.17147587976648815,-1.0339799115591537,-0.27272766173051416
1807,2.1046277171781806,False,-0.4726312838677691,-0.1714455431261288,1.810266315440664,-0.27269860784928057
1808,4.92654230184723,False,3.4858274936793476,-0.17160561729521734,-3.5734840146770197,-0.27287836643479524
1809,3.374308292271644,False,3.2012323051411418,-0.17156739605488747,-0.3737086199703131,-0.27283550932898976
1810,2.1392604058702775,False,-2.128456176139824,-0.17141860126361863,0.5913034350630821,-0.2726620359864513
1811,0.7694331563931684,False,0.4070259299917427,-0.17121142903200287,-0.7800294257926019,-0.27242899857714375
1812,2.962649141734857,False,0.9503437042036953,-0.17146565284783055,-3.0147932295270143,-0.2727442674428285
1813,2.5868598793340007,False,0.5363872990308136,-0.17146160959432422,-2.7608428507474936,-0.27271269600830994
1814,1.3451641582815688,False,1.0279605342886469,-0.17156345999600775,-0.8816096217484314,-0.2728353126587619
1815,3.165436471828478,False,-3.0598574194768413,-0.17131251053765473,-1.5672758869542227,-0.2725595274358305
1816,1.2025675561869291,False,0.6916209466398583,-0.17176605202317707,-1.110165054609651,-0.2730740550787232
1817,1.125753926920813,False,-0.7054816949490863,-0.17147891041539065,0.7182787202716235,-0.2727621236903412
1818,7.13689780863028,True,-0.23978086111982483,-0.1714370012349874,6.863886661257631,-0.2726837324423045
1819,1.2165380864940412,False,0.4587704771744831,-0.1715392220971535,-1.3133254300332045,-0.27280988805714784
1820,4.392175515219453,False,3.82216728458914,-0.1717376695151971,-2.100571801821019,-0.27302766814769186
1821,2.5338413094566663,False,-1.8438613146859597,-0.17171771516941903,-2.1767569275789302,-0.27300349120790685
1822,0.6026920972402809,False,-0.317397669999099,-0.17154281010928418,0.31195781973267184,-0.2728177016423583
1823,0.39910110758715883,False,-0.5502480888575147,-0.17164023677604678,-0.39910367136569114,-0.27289739601543705
1824,1.51648532847304,False,0.9762159807541639,-0.171567001251053,0.7182787202716235,-0.27284161468817847
1825,3.622153272832988,False,-2.128456176139824,-0.17141385663701858,2.7752788214710913,-0.27266759285618014
1826,1.439759521879787,False,-1.5592664358492851,-0.1708537058690165,-0.6530541777547334,-0.2720654662870991
1827,2.3347436648242352,False,2.0887240091473473,-0.17158782998570804,0.31195781973267184,-0.27286276359741773
1828,4.3409031222940015,False,4.158507100037342,-0.17162944593618573,0.0326122210715588,-0.2729285765586219
1829,1.0693357012047098,False,-0.8348430293994381,-0.1716849369365649,0.5659083784348399,-0.2729533114868861
1830,3.1318984698227355,False,2.632041980700987,-0.17144703275720086,-1.668856065879264,-0.2727058094754962
1831,2.8383976991118023,False,-0.4985035523418264,-0.17151354571433808,2.546723209886358,-0.2727761964825056
1832,3.312495530866325,False,-1.6368832227109809,-0.17139886369911705,-3.2433485587269195,-0.27266184311329505
1833,2.108566709168161,False,-0.21390859120530242,-0.17124030174061577,1.8356613788310865,-0.27247130053519847
1834,3.425719063960507,False,2.709658838994027,-0.17154440660389597,-2.125966843877435,-0.27280320764294813
1835,1.6677519814710906,False,0.20004774703082542,-0.17142667953859625,1.3531551980341718,-0.27269886397979404
1836,1.026821595951209,False,-0.317397669999099,-0.1714338166868633,0.7436737777269351,-0.2727193647918203
1837,4.5107340111199115,False,-3.7325359796779214,-0.17142849578935404,2.4959330755008837,-0.2726825817275407
1838,1.5634257746259765,False,-1.6110109605675413,-0.1716009791595794,0.3373528749827858,-0.2728904763240725
1839,3.3640722968526386,False,-3.3444522067640663,-0.17124664838059045,-1.3895105685510931,-0.27248825550061107
1840,2.840742248581241,False,1.9593625967585522,-0.17177978802434302,-2.1513618857967387,-0.2730570570158264
1841,2.0553785024024966,False,1.5195338216889656,-0.17130826448003583,0.8960441253545081,-0.2725565726729228
1842,3.7326564194449547,False,1.5195338216889656,-0.17164110122442816,3.0546245841914765,-0.2729342567968304
1843,1.1697890820020065,False,-0.7054816949490863,-0.17134855779402275,-1.3133254300332045,-0.27260265289331775
1844,2.423269961461947,False,-2.5941568210481694,-0.17140850534873148,-0.322918516766709,-0.2726642228512868
1845,3.003421435032567,False,-2.9046238918291665,-0.17127881696633646,0.972229301030093,-0.27250289083926466
1846,3.709515059468909,False,0.5881318476565374,-0.17145530358841948,-3.903619447523765,-0.27270673690207825
1847,6.242759743943168,True,4.0808902173704835,-0.17162713607991498,-4.8432355531509845,-0.27288150792987337
1848,1.9224054148534409,False,-1.1970547467202914,-0.17165016378819958,1.3531551980341718,-0.27293934612790355
1849,1.498728269435942,False,1.2090664762091863,-0.17137790016722693,-0.8562145729656749,-0.2726425954654178
1850,3.934036853792357,False,2.9166371341514563,-0.17118370944370015,-2.710052773348642,-0.2724328249997087
1851,4.040089391768292,False,-3.9136417293473307,-0.1715975956776249,-1.7958312864479422,-0.2728659786339897
1852,3.4646329984721684,False,-3.18921868857493,-0.1715237406650274,1.429340381161619,-0.27277456076485357
1853,0.7151244717544594,False,0.5363872990308136,-0.17140899034532758,-0.170548203853593,-0.27264863339138184
1854,0.890448725072034,False,-0.23978086111982483,-0.1718205744304126,-1.1609551492895533,-0.27311488530482514
1855,1.8183917430023546,False,1.1055773656736052,-0.1718756853113067,-1.5672758869542227,-0.2731961855041032
1856,3.709356428015379,False,-0.26565313089039166,-0.17136021872817636,3.435550651275488,-0.27260660294080596
1857,2.697450968245746,False,2.0887240091473473,-0.17153919255558692,-1.7450411986321106,-0.27281485100351766
1858,0.7944889488420024,False,0.5105150249344448,-0.17169306547847774,0.1341924368383265,-0.2729916906626026
1859,1.9403288912905998,False,-2.050839397466738,-0.17166822543232096,0.21037760010945175,-0.27292232131102223
1860,0.27312439752047774,False,0.07068638736747325,-0.17137043237540694,-0.39910367136569114,-0.27260526433941357
1861,2.5634116564074336,False,1.571278381292596,-0.17148338096112403,1.6071058132912335,-0.2727503849826225
1862,0.7892019851742507,False,0.6140041221858921,-0.1715793269688577,-0.3483135684372733,-0.2728491512730094
1863,0.8980144799384101,False,0.7174932217466442,-0.17160496274574605,-0.39910367136569114,-0.2728853048317937
1864,2.704412969125788,False,-2.697645846936614,-0.17116421390984354,-1.2371402902794493,-0.27240065186304924
1865,4.59024631757456,False,1.3901724252097098,-0.17161242640869223,-4.589285272756452,-0.27289946091589234
1866,2.0180377557389515,False,-0.3950144775816538,-0.171456178246909,-2.278337093336982,-0.272720853769929
1867,3.347535826400969,False,-2.568284564217376,-0.1714706032298448,2.06421695556322,-0.27272045447077486
1868,3.4257691776460066,False,1.053832811272451,-0.17150773335129033,-3.471903876846184,-0.27277379625310416
1869,1.087485205122852,False,0.8727268754184709,-0.1713143378464042,-0.5768690272821031,-0.2725742452491864
1870,1.3409494258352441,False,-1.352288331226431,-0.17149865577903117,0.3627479303707676,-0.2727673458984964
1871,1.1347294515036628,False,0.3811536566167605,-0.1715021009496892,0.7182787202716235,-0.2727717993829735
1872,1.691639650122492,False,1.0020882574492178,-0.17160750118158635,-1.4910907513193357,-0.2728643021367575
1873,1.1688216086876013,False,-1.3005438036329806,-0.17187572660655964,-0.5768690272821031,-0.27317946215572697
1874,1.2504567550369368,False,-0.7313539621270538,-0.17168175058709312,0.8452540089270649,-0.2729588913358622
1875,0.8998372404927252,False,-0.7830984960511921,-0.1713075763349588,-0.9323997189016456,-0.27254117811556045
1876,1.6020116375250193,False,-0.11041951010576842,-0.17177762095446303,1.3277601372679055,-0.273071422185769
1877,2.3450060137426765,False,1.5195338216889656,-0.17151703624354397,-1.897411460433363,-0.27278881396535276
1878,2.858937290726773,False,-1.9214780968060052,-0.17145143782082256,1.988031762075299,-0.27270417939436153
1879,3.063000290318792,False,2.580297409229976,-0.17140409823432812,-1.6180659766912087,-0.27266376972922723
1880,2.061718412111416,False,1.0279605342886469,-0.1715989063681988,1.4039453199811316,-0.27287808891623366
1881,3.1665871132803347,False,2.192213141663433,-0.1715356160903439,-2.3799172569019897,-0.2727953576446686
1882,2.395448708548309,False,0.22592001939616,-0.17140258241435297,2.0896120203357533,-0.27265525817032193
1883,3.3550478708763074,False,-1.0935656875061317,-0.1715631341165867,2.953044304900009,-0.2728283003874335
1884,2.762767464725018,False,2.1663408583173243,-0.17135342351461647,-1.7450411986321106,-0.2726060083428476
1885,1.8763568638580777,False,0.924471427797532,-0.1716315385353236,-1.7958312864479422,-0.27291655310139196
1886,2.140645875404186,False,-2.309561988018746,-0.17130910856191728,-0.3737086199703131,-0.27254685654676625
1887,1.8574044427426601,False,0.5105150249344448,-0.17159641122573016,1.4547354424801116,-0.27288524561158695
1888,3.744465840368111,False,0.7433654969976655,-0.17133663919975317,-3.903619447523765,-0.2725949054780779
1889,0.523067107137961,False,0.12243093080030386,-0.1716694992676986,0.15958749112439602,-0.2729617266501667
1890,2.2872692143350886,False,1.9852348789469312,-0.17128132174664762,0.4897232093772508,-0.2725302080306147
1891,3.7875903881749164,False,-3.1116019275459847,-0.17121461930016352,2.115007085246429,-0.2724499879197556
1892,1.6602223886812053,False,-1.3264160675016488,-0.1716119568093155,-1.4656957058332527,-0.27289938733027447
1893,2.5618516624294094,False,-1.6627554847108148,-0.1716272560555221,1.810266315440664,-0.27290821228088574
1894,1.499046531968884,False,-1.3781605948076079,-0.17152570399525185,0.6166984918290549,-0.2727784200760056
1895,3.045207625716989,False,0.20004774703082542,-0.17133662198492106,2.7498837529637012,-0.27259173990962066
1896,3.349626900029091,False,3.175360016144322,-0.1718189214081619,-0.14515315121967087,-0.2731140658206848
1897,2.4754364441995107,False,-1.6886277465669726,-0.17145733966021548,1.6832910005613049,-0.2727197094675694
1898,1.5309561097957192,False,1.3384278676297816,-0.17141116274669888,-0.526078926279371,-0.27268142443384424
1899,1.3090059600942667,False,-0.8089707627972929,-0.17130797259705294,0.8706490670718526,-0.2725382404145292
1900,0.9943282712430446,False,-1.0676934223429826,-0.17161624651442736,-0.7038442773823581,-0.2728823013835685
1901,0.949173584020733,False,0.7433654969976655,-0.1713232098914152,-0.526078926279371,-0.2725637138571048
1902,2.9317403250921803,False,2.7355311253815295,-0.1714284324191484,-0.6530541777547334,-0.2726791237138261
1903,1.119151841929674,False,-0.23978086111982483,-0.17122222835083328,-1.3895105685510931,-0.2724662263182648
1904,1.5651013203118656,False,0.9503437042036953,-0.17145850354886222,-1.364115522515805,-0.27273995610778323
1905,4.704795692106947,False,-4.58632016674934,-0.1713347956326967,1.3531551980341718,-0.2725760412279642
1906,1.4574941790362161,False,-1.5851386982802862,-0.17150840837514786,-0.6276591277347373,-0.2727824235194197
1907,4.795262505968796,False,2.83902027238047,-0.17140096783142633,-4.005199576061573,-0.2726530129706891
1908,2.342445025923187,False,-0.5502480888575147,-0.17154537667881847,2.0388218909289666,-0.272807365178311
1909,2.698415803406365,False,1.5454061014184182,-0.17151318492948608,-2.3545222162162864,-0.2727838718347724
1910,3.2141071869583846,False,-1.714500008279315,-0.17150839501349707,2.546723209886358,-0.27279112497955815
1911,1.5094811459643944,False,-0.4985035523418264,-0.171600081739189,1.200784835506719,-0.27287154009978004
1912,3.209672243010845,False,0.07068638736747325,-0.17158776578220164,2.9276492354233565,-0.2728657653417744
1913,3.6748296743825373,False,-3.1633464350419644,-0.17138930275282388,1.8610564423596516,-0.2726169001036527
1914,0.17605118861519525,False,-0.08454723947062875,-0.17154295274836534,-0.11975809844822427,-0.2728015480758689
1915,1.719856116529245,False,1.2349387542043169,-0.1718104539303913,-1.26253533700133,-0.2731180307694277
1916,2.421039114703273,False,-0.3691422085315643,-0.17129278733881903,2.1404021502953157,-0.27253776284967735
1917,3.213063148977279,False,2.5544251237118023,-0.17167184087423526,-1.973596589482318,-0.2729602282305503
1918,2.4410209099211753,False,-0.6796094276270933,-0.17125723798013198,2.115007085246429,-0.27249212505210685
1919,6.052560387794288,True,-4.224108712468686,-0.17136810880964132,4.2227979554381205,-0.27261941421016295
1920,2.489284049435196,False,-0.13629178059688257,-0.17120705180073603,2.2165873462717225,-0.2724490705745294
1921,1.2774457008183608,False,-1.1970547467202914,-0.1713316417664118,-1.0339799115591537,-0.27256348071032327
1922,2.078115984517676,False,1.8558734694521468,-0.1714843352401989,-0.7292393269899181,-0.27274757303760405
1923,3.42244591812587,False,0.20004774703082542,-0.17157581854293352,-3.675064150320784,-0.27285462264224447
1924,4.737627349229097,False,-4.612192412411755,-0.17128213695906824,-1.9228065035868853,-0.27252739965594197
1925,0.9438833120170972,False,-0.9124598283424901,-0.17162913479997638,0.31195781973267184,-0.2729203397191679
1926,1.810833852853112,False,-0.3432699393373095,-0.17128676733362108,-2.0751767596275585,-0.27253043969586555
1927,1.0806076854094344,False,-0.3432699393373095,-0.17112725550633484,0.7944638930512302,-0.27233613191323125
1928,1.266076224354283,False,1.0279605342886469,-0.17127308794022794,-0.6784492276372737,-0.27251903940655464
1929,2.2770932869962395,False,0.9503437042036953,-0.1715762240172724,1.7086860632608782,-0.2728399313074071
1930,1.4102959754180855,False,0.25179229190566,-0.1715225385922129,-1.6180659766912087,-0.272800876204834
1931,4.334000559813319,False,-3.3961967116810166,-0.17180317909408904,2.6229084125023885,-0.2730937296949715
1932,2.115155836779611,False,-1.6110109605675413,-0.17168553805057474,1.2769700161493882,-0.27293669760288913
1933,1.9835624724660865,False,1.7523843444601526,-0.17145212523426795,0.21037760010945175,-0.27270763590109015
1934,1.966183601700215,False,1.3901724252097098,-0.1716632221357013,0.9214391837751686,-0.27293915916919664
1935,2.1192702598633675,False,-2.128456176139824,-0.1714034575639961,0.5405133219444652,-0.2726585954766807
1936,4.660103350333364,False,4.3396131646786795,-0.17152511016990374,0.8960441253545081,-0.27279856554193493
1937,1.2483675223537871,False,-0.26565313089039166,-0.17130988208219894,0.972229301030093,-0.27256553050468824
1938,0.5967307082911537,False,0.35528138338601367,-0.17161661785173854,0.007217167474072828,-0.27289254967899773
1939,2.7870730983114527,False,1.4936615421040982,-0.17126461498618611,1.9626366978557475,-0.27248964033724254
1940,2.6197537910539803,False,-2.2836897296095477,-0.17137052200053848,1.2769700161493882,-0.27261511439250685
1941,4.111788756648117,False,-3.3444522067640663,-0.1714387904500423,-2.8878180418484485,-0.2727098332719294
1942,1.2293732231077161,False,1.053832811272451,-0.17137756412673594,-0.3737086199703131,-0.27264141912364576
1943,1.4343790275868695,False,1.0279605342886469,-0.17144151668902635,-1.0593749593799255,-0.2726885777251128
1944,1.074719570636896,False,0.8985991515357439,-0.17135426209745713,-0.3737086199703131,-0.27263462805865973
1945,0.9161347174775635,False,0.7433654969976655,-0.1713869654428088,-0.322918516766709,-0.2726412161870293
1946,3.6753079863196776,False,-3.0081129108343236,-0.17146886946653062,2.06421695556322,-0.2727335905545223
1947,0.9636588404483344,False,0.20004774703082542,-0.1712822758724067,0.6166984918290549,-0.27253916194616346
1948,0.447415398843581,False,-0.4985035523418264,-0.1713766174251803,0.0326122210715588,-0.27261752283486324
1949,0.8056561551357967,False,0.4328982035109602,-0.17176225918154742,-0.8054244749877258,-0.27302746898506414
1950,2.3527810185702513,False,1.9852348789469312,-0.17149727143915283,0.6674886057746037,-0.2727686354795131
1951,4.9960267357480905,False,0.48464275098231124,-0.1715592110358462,4.679909354547311,-0.2728353476513232
1952,3.8615313377026217,False,2.2957022764956094,-0.17149844065377273,-3.2433485587269195,-0.2727688911529245
1953,2.3903139427178464,False,-1.4299051215383043,-0.1714961008110238,1.7594761890745205,-0.2727654560224514
1954,4.098680232116927,False,-4.172364216712361,-0.17131124360682892,0.6166984918290549,-0.272542380249629
1955,0.7278730475197275,False,0.5105150249344448,-0.17141491584177942,-0.018177885985682696,-0.2726744242566698
1956,2.354496952226634,False,2.0887240091473473,-0.17147396819441313,-0.9323997189016456,-0.2727337408528008
1957,2.6157490504112952,False,2.3991914136442953,-0.17154160774059846,0.21037760010945175,-0.27281262255575567
1958,1.071175133922717,False,0.8985991515357439,-0.17139510436002187,-0.322918516766709,-0.2726641051410324
1959,1.8029062874550403,False,-1.9732226175011298,-0.17104527170849654,-0.22133830870838328,-0.27227684762039656
1960,4.172757009484911,False,0.07068638736747325,-0.1717462912279764,3.892661972945702,-0.2730453124177513
1961,3.2535270001695533,False,2.011107161279965,-0.1713252388486487,2.1404021502953157,-0.2725673288716034
1962,3.7136026710964374,False,-1.9214780968060052,-0.17145264067128524,-3.548088980424482,-0.2726879152323919
1963,1.3402431445681686,False,-0.9124598283424901,-0.17147040801896818,-1.3895105685510931,-0.27273624314492445
1964,1.8032767885422234,False,1.6230229414745665,-0.17153849799037874,-0.44989377374387385,-0.27281958962344277
1965,2.1998716353158554,False,-2.050839397466738,-0.17143260938110821,0.8706490670718526,-0.2727071646798759
1966,0.9308607196480081,False,0.4587704771744831,-0.17149411612385196,-0.957794767272172,-0.27276418545423925
1967,4.125276883813169,False,-2.387178762385126,-0.17150965790110384,3.206995007284072,-0.27276314979880556
1968,3.5805942817946317,False,2.606169694893014,-0.1711197623078911,-2.5322874981387,-0.2723547783012305
1969,4.102799998376398,False,2.7355311253815295,-0.1712621939578594,2.6229084125023885,-0.2725207020316848
1970,1.1707527176577488,False,0.9762159807541639,-0.1718091658958798,-0.043572939307845095,-0.2730869241774235
1971,1.5084524588537516,False,-1.6627554847108148,-0.17160617299552605,-0.5006838755717526,-0.27287405803854564
1972,1.1401540509174535,False,0.8727268754184709,-0.17149946091221235,0.18498254554812732,-0.2727745068345155
1973,2.275089566515034,False,-2.231945212360543,-0.1714111791426916,-1.2371402902794493,-0.2726562926381545
1974,0.4780394423185156,False,-0.5761203568994955,-0.17155522241924542,-0.018177885985682696,-0.2728275549576309
1975,2.787283362247503,False,2.50268055310991,-0.1712028963649882,-1.0593749593799255,-0.2724292003797395
1976,0.6607798879343031,False,-0.21390859120530242,-0.17167914178592075,-0.9323997189016456,-0.2729747320205557
1977,2.1102392018455043,False,1.9334903147149682,-0.1712121292822013,-0.11975809844822427,-0.27247110202518104
1978,0.9180515784059279,False,0.7433654969976655,-0.1714678972020055,-0.1959432563497847,-0.27273638937707817
1979,2.0534348715705364,False,-2.1543284354103776,-0.17153206533279236,0.26116770964556657,-0.2727893038958602
1980,1.0520868073379983,False,-0.9900766259902216,-0.17144837882111302,0.3881429858964797,-0.27271467388829396
1981,3.828959659406261,False,-3.4479412160249425,-0.17160333072335343,1.7086860632608782,-0.2728627285030631
1982,2.270258630470127,False,1.6747675022349477,-0.1714790629347836,1.048414477947243,-0.27273881848636605
1983,3.298294553729947,False,1.6230229414745665,-0.17154688493002956,-3.040188266652118,-0.2728312191470726
1984,1.34167051537079,False,-0.5243758206716483,-0.17155889564188137,-1.5672758869542227,-0.2728273097539327
1985,1.8197308597658315,False,1.1314496430907452,-0.171466672104658,0.9976243598645628,-0.27274103854007103
1986,2.082363819553884,False,-2.128456176139824,-0.17148339026875142,0.43893309736130137,-0.27275168062690913
1987,2.4415370019141056,False,2.2439577087899667,-0.17146765467784192,0.08340232867958475,-0.27271664902693094
1988,1.8954002929736007,False,0.48464275098231124,-0.17144597510223797,1.5055255655313866,-0.27270046666988645
1989,2.409662440864478,False,2.1663408583173243,-0.17134731300323242,0.31195781973267184,-0.27257867023502824
1990,4.396063323128758,False,0.3294091102995722,-0.1713635836641117,-4.6400753299265745,-0.27262810016331124
1991,2.958188687907771,False,2.6579142666537554,-0.17173371810754956,-1.1355601020181927,-0.2730275445844689
1992,5.006480511601668,False,-3.0598574194768413,-0.1716183516650558,3.816476749546931,-0.27288955404065346
1993,4.1400419169205,False,2.4250636982934193,-0.171372011650542,-3.4972989115090294,-0.2726338063243704
1994,1.0273833670835604,False,-0.9124598283424901,-0.17145204624321758,0.43893309736130137,-0.27269995688402365
1995,1.334659075719003,False,-1.3005438036329806,-0.17144538811514087,0.43893309736130137,-0.2727199455185448
1996,0.8436873608041253,False,-0.9900766259902216,-0.1713321714160505,-0.06896799249227706,-0.2725868443003152
1997,2.109727207880694,False,-1.2229270111641521,-0.1714257420659031,1.5563156891351626,-0.27269823961093614
1998,1.7366260247222445,False,-1.0935656875061317,-0.17188922541379742,-1.7450411986321106,-0.27318742900592535
1999,3.2997377301834496,False,2.942509421698298,-0.17155260921030346,-1.364115522515805,-0.2728384352437074
2000,3.0799705787742555,False,-1.352288331226431,-0.17115355153051515,2.5721182772866866,-0.27237172968983914
2001,3.75831776319894,False,1.3125555890567302,-0.17176750222023984,-3.725854217322429,-0.2730690309578231
2002,1.3261640620453132,False,-0.8865875621720717,-0.17144129892065835,-1.3895105685510931,-0.27269594554713444
2003,1.188141584714996,False,-1.3264160675016488,-0.17144370728612157,-0.5514739768495337,-0.27269605899526955
2004,0.9056637601080436,False,-0.44675901524968625,-0.17148702100082336,-1.1355601020181927,-0.2727448776924769
2005,0.7832420763296177,False,0.09655865901177087,-0.17134225801288067,-1.0085848636008574,-0.2725869913883167
2006,1.9935468996701062,False,-0.9642043602516001,-0.17163974635493162,1.5563156891351626,-0.2729091075260584
2007,2.1598315746506,False,0.48464275098231124,-0.17157042197716088,1.784871252188521,-0.2728594106342305
2008,2.139809385794378,False,-2.180200694537325,-0.17125157518234846,0.4643281533004109,-0.27248826345807037
2009,2.2290661463193757,False,-1.145310217400843,-0.17179834805105454,-2.278337093336982,-0.27309542668044706
2010,2.9129040582261694,False,2.2957022764956094,-0.17160587521420578,-1.8212263301501208,-0.2728738718977475
2011,2.5113481929286943,False,-2.206072953520807,-0.17153336381624473,-1.7450411986321106,-0.27279278693699965
2012,1.9705252939186033,False,-0.6796094276270933,-0.1715789189381967,-2.1767569275789302,-0.27284746458133835
2013,1.0166421792253622,False,-0.18803632114654464,-0.17156295188167603,0.7436737777269351,-0.2728335685437408
2014,4.330039170653212,False,-3.3444522067640663,-0.1713398344885496,2.6736985482716897,-0.27258598912973675
2015,0.3808708206779012,False,-0.18803632114654464,-0.17130702893861882,-0.6530541777547334,-0.27255961701902265
2016,2.160351359969336,False,1.8300011879871132,-0.17144946853151644,0.5405133219444652,-0.27269686141073296
2017,1.2996565907323987,False,0.820982323616981,-0.1716881695577699,0.5659083784348399,-0.2729611237158358
2018,0.6422079010245765,False,0.4070259299917427,-0.17161734071461765,-0.5514739768495337,-0.2729060711144548
2019,4.001111503215688,False,2.2957022764956094,-0.17164921809391592,2.876859096885508,-0.27291242768366597
2020,1.6272213062619039,False,1.4160447042164468,-0.1716748925169186,0.08340232867958475,-0.27294964294882074
2021,0.5085226332456874,False,-0.16216405094376135,-0.17140713482531794,0.23577265480864396,-0.2726635770044983
2022,3.288449498395997,False,-3.3703244592940993,-0.1712594764264268,-1.0339799115591537,-0.27248438360043425
2023,4.5094343838937485,False,-3.2150909419646396,-0.17153313633415118,3.0546245841914765,-0.27279966033376646
2024,2.789323222104579,False,2.3733191291399662,-0.17140769520715593,-1.4149056144490628,-0.2726766865940359
2025,0.16442040079153344,False,-0.317397669999099,-0.17141456512246023,-0.3483135684372733,-0.2726778345357297
2026,1.6226221099235136,False,1.286683310628054,-0.1715189637422303,0.43893309736130137,-0.27278801680430587
2027,3.7335584221401197,False,-0.13629178059688257,-0.171192562135204,3.4609457235230217,-0.27244724723520486
2028,0.6347414529808254,False,0.4587704771744831,-0.17145270970894844,-0.3483135684372733,-0.2727227319061863
2029,2.4272452364267356,False,1.8817457510616957,-0.17145307217539185,-1.5672758869542227,-0.27271330499917595
2030,3.2746977156748436,False,-1.0676934223429826,-0.17159480646796132,2.876859096885508,-0.272846445158228
2031,2.697396626575295,False,2.50268055310991,-0.17122335490639562,-0.6276591277347373,-0.27244620689178817
2032,1.5213493443029866,False,-1.145310217400843,-0.1715803967312311,0.8960441253545081,-0.27286662211103324
2033,3.2199349322789925,False,-2.4130510202202506,-0.17150675043689412,2.0388218909289666,-0.2727702732187021
2034,3.5850397685449593,False,-0.006930426700287177,-0.1714217530376207,3.308575292116684,-0.27268854540780435
2035,2.925955198616859,False,-1.4299051215383043,-0.1711606498479864,2.368957741958363,-0.27239762598417827
2036,3.839436552757538,False,3.6151889488186115,-0.17150032363233164,-0.9070046703938007,-0.27276820833629184
2037,1.3273691504288125,False,0.12243093080030386,-0.17159830437167845,-1.5672758869542227,-0.2728829263182389
2038,4.58443254525222,False,3.9256564559588916,-0.1712214427496921,1.784871252188521,-0.27245750833814303
2039,1.2373584286867767,False,0.044814115867411006,-0.17150750493706995,-1.4910907513193357,-0.2727886645582263
2040,0.44204036985645245,False,0.14830320273300227,-0.17140151880847482,0.0326122210715588,-0.2726515062135223
2041,3.376001427992961,False,-3.4479412160249425,-0.171309059277941,0.5405133219444652,-0.2725437221972431
2042,3.2807120899293607,False,2.3215745605655536,-0.17117312826591663,-2.405312297450649,-0.2724119453287759
2043,0.9850914028495379,False,0.5363872990308136,-0.17127099664615636,-0.957794767272172,-0.27250877134733004
2044,2.7058886788459744,False,-2.3354342462844087,-0.17152317198911932,-1.897411460433363,-0.2728124938487618
2045,1.3274348536247909,False,1.1314496430907452,-0.17161337455475906,-0.526078926279371,-0.27288826966969826
2046,3.4673613729397528,False,-2.387178762385126,-0.17127734656871246,2.3943528083901153,-0.2725489009753038
2047,1.5435916931780356,False,0.07068638736747325,-0.17160683230944396,1.2515749557971372,-0.2728806721972444
2048,3.6608778126453423,False,-1.041821157035948,-0.17146847708424223,3.2831802207006824,-0.27273189713719403
2049,2.5804927295495093,False,1.6488952217824295,-0.17145299936699732,1.5563156891351626,-0.27269277304810147
2050,2.363782774507114,False,1.0797050884007007,-0.1716703281768014,-2.278337093336982,-0.27296347407380295
2051,2.9550606195933997,False,0.7174932217466442,-0.1715546301694878,-3.0909783404917426,-0.2728273622221373
2052,3.7433605126352045,False,-2.1543284354103776,-0.17166399189786025,2.9022541660851897,-0.2729275967760024
2053,1.4233353725803917,False,0.5622595732715578,-0.17150968240648584,0.946834242333697,-0.2727824874601429
2054,2.894399105086795,False,-1.5592664358492851,-0.1712768481913744,2.267377477614082,-0.2725091085531771
2055,1.5244380723339686,False,-0.11041951010576842,-0.17135890342840393,-1.7958312864479422,-0.2726130182131117
2056,2.716856992117765,False,0.5622595732715578,-0.17118491422139664,2.343562675664822,-0.27241827307370703
2057,2.279246963015456,False,1.6488952217824295,-0.17131718424841252,1.0992045965818062,-0.27257780035567564
2058,3.3448219636887253,False,2.8907648467494793,-0.17166928537439802,-1.6180659766912087,-0.2729545711148116
2059,1.836763965531252,False,-0.006930426700287177,-0.17174615723595488,1.5563156891351626,-0.27303533437508837
2060,2.921780470362487,False,-2.387178762385126,-0.17122826368366162,-2.1767569275789302,-0.27245808494612117
2061,1.4775165155216585,False,1.0279605342886469,-0.17138238723856597,-1.1355601020181927,-0.27264153385410156
2062,3.056346458594714,False,-3.1374741813656026,-0.17128073885320144,0.4643281533004109,-0.27251841355454576
2063,2.844533737422076,False,-2.2836897296095477,-0.17163556205233782,1.6325008755764483,-0.2729107616231601
2064,1.1423142440843828,False,0.7951100479328339,-0.17125590711676109,-0.8816096217484314,-0.2725048628534913
2065,1.6013725747950773,False,1.3384278676297816,-0.17135922243624224,0.26116770964556657,-0.2726231970892627
2066,1.4210683997153821,False,0.35528138338601367,-0.17159407346795336,-1.592670931891375,-0.2728846281326336
2067,0.8935092020014573,False,-0.08454723947062875,-0.17133175593055,0.6166984918290549,-0.27258326322643117
2068,3.1274625731049963,False,-1.145310217400843,-0.17168963482822475,2.6990936163638977,-0.2729549465787172
2069,2.872010365485708,False,-1.6886277465669726,-0.17156619859379468,2.165797215482482,-0.27284289524482935
2070,1.6772723711292667,False,0.7951100479328339,-0.1714575937474675,-1.6434610213537926,-0.27269969242343317
2071,2.8344108810563493,False,-0.7830984960511921,-0.1713447579497966,-3.040188266652118,-0.2725831294004748
2072,1.8632783414492515,False,-1.404032858244829,-0.1715453577004321,1.1245996561060267,-0.2728189810569358
2073,0.9332700993401093,False,0.018941844511514178,-0.17143688590669187,-1.1863501964235268,-0.2727051485257432
2074,2.8519199690814503,False,-2.671773590679614,-0.17161366931203725,1.0992045965818062,-0.27288997704573403
2075,0.3147078453125177,False,-0.317397669999099,-0.17141758277415714,-0.5514739768495337,-0.27267542307585085
2076,3.103501919825472,False,-1.352288331226431,-0.17123833326282967,2.5975133448252947,-0.2724752954147721
2077,6.123585631044599,True,4.9864205965500075,-0.17129093156282577,-3.5734840146770197,-0.2725286816675024
2078,3.4089931691387165,False,-0.9124598283424901,-0.17161469427038578,3.0546245841914765,-0.2728938475392167
2079,3.143301311768565,False,2.50268055310991,-0.17175348611345403,1.3785502589386491,-0.27303389409758383
2080,0.7068207537443846,False,0.22592001939616,-0.17138299080373826,0.31195781973267184,-0.2726299167506149
2081,0.8130917167659981,False,0.6398763968595522,-0.17157982900706437,-0.22133830870838328,-0.27285132675604795
2082,4.752642722242872,False,-4.845042616942005,-0.17139606988809192,-1.1355601020181927,-0.2726361289552135
2083,3.213728923725708,False,2.5544251237118023,-0.1715249127220997,1.429340381161619,-0.2727899971128401
2084,1.543389274982208,False,0.48464275098231124,-0.1712490825099251,1.1245996561060267,-0.2724855162087251
2085,4.068454361439207,False,3.0459985733355035,-0.17175282381790064,2.2165873462717225,-0.27306912338504896
2086,2.9679050846479758,False,1.3643001463474882,-0.17120442598821128,2.267377477614082,-0.27244006789374187
2087,4.250616770954781,False,2.036979443757724,-0.17132631947012533,3.3593654353644187,-0.2725930035933388
2088,0.20699171716422507,False,-0.21390859120530242,-0.17144258889157699,-0.4752888247266098,-0.27270442366040926
2089,2.4704054112283678,False,1.2349387542043169,-0.17148711673850664,-2.303732134433886,-0.2727550872363984
2090,3.259749467297457,False,-3.1633464350419644,-0.1716168177067784,-1.5672758869542227,-0.27286103999380174
2091,1.9859620274270902,False,1.5195338216889656,-0.17132104125345882,0.7690688353201144,-0.2725876163223877
2092,3.645837923988654,False,3.227104594282897,-0.17136656217310714,-1.592670931891375,-0.2726238670925153
2093,4.933737443654374,False,-2.775262614846817,-0.1712462450436687,3.91805704768948,-0.27250985569368635
2094,3.4270678244678114,False,0.4070259299917427,-0.17125577952034116,3.1054147246682615,-0.27250970841968963
2095,3.5522095201952806,False,-1.4816496476939478,-0.1711513754461334,3.029229514160881,-0.27240116895398325
2096,4.035860420481058,False,3.6151889488186115,-0.17151759407985379,-1.668856065879264,-0.27278268263958655
2097,0.8632954410004701,False,0.6916209466398583,-0.1716704172750197,-0.27212841301280105,-0.2729567864586099
2098,2.3442358671577783,False,1.4936615421040982,-0.17164085455211842,-1.9228065035868853,-0.2728974781595043
2099,2.542603702617603,False,1.1314496430907452,-0.17139010001029487,-2.456102378136905,-0.2726557554166596
2100,1.7860133977350021,False,-0.006930426700287177,-0.17158885708719918,1.5055255655313866,-0.27288102588644003
2101,1.879508891695347,False,-1.5333941732746084,-0.1711418453857525,-1.5672758869542227,-0.27236086584211977
2102,2.3134337649653536,False,1.9852348789469312,-0.17118854118541915,-1.110165054609651,-0.27243116872329964
2103,1.8799111740588816,False,0.5105150249344448,-0.1712114208136133,-2.024386674829232,-0.27244405441744457
2104,0.8435278658715291,False,-0.3950144775816538,-0.1715923030388346,0.5405133219444652,-0.272887237511905
2105,1.4232863739533816,False,-0.5502480888575147,-0.1714910383745228,1.0992045965818062,-0.27275962021106637
2106,3.143883246300126,False,0.924471427797532,-0.17163347797410866,2.6736985482716897,-0.27291844475700977
2107,1.5644744043187646,False,1.2349387542043169,-0.17168500844601214,-0.957794767272172,-0.2729718783153572
2108,0.42887159121005863,False,-0.4726312838677691,-0.1713366642027575,0.0326122210715588,-0.27258857053730895
2109,5.661660034315635,False,-5.750571080171746,-0.17162724378022032,-1.2371402902794493,-0.2728929115340623
2110,2.7516161634825904,False,1.9076180328159695,-0.1715558301338459,-2.0751767596275585,-0.272837690365935
2111,1.020509803678465,False,-0.42088674648771773,-0.17165119267856016,-1.26253533700133,-0.27293145615333586
2112,2.3551384491462692,False,-2.2578174710568133,-0.17142676888152553,0.819858950920145,-0.272683433381007
2113,1.5098068893499912,False,1.3384278676297816,-0.1713778773321945,-0.27212841301280105,-0.2726296876978287
2114,4.358288141016447,False,0.7174932217466442,-0.17122291715346527,3.9942422727531697,-0.27247146267445577
2115,1.9611459263217292,False,1.7523843444601526,-0.17154845832277538,-0.6530541777547334,-0.2728250247216627
2116,4.142668686128834,False,-0.8348430293994381,-0.1714738427370242,3.816476749546931,-0.2727338566846167
2117,1.7035319901622041,False,-0.6796094276270933,-0.17163328534013622,1.3531551980341718,-0.2728731549615622
2118,1.631006044035625,False,-0.317397669999099,-0.17164392908841958,-1.897411460433363,-0.27293238361533995
2119,3.941082877864216,False,1.2349387542043169,-0.17159053658302437,-3.954409512065898,-0.2728601779395584
2120,3.9041849578930745,False,-4.068875223482945,-0.17141762091967044,-0.043572939307845095,-0.27266196886483357
2121,1.7357718699230833,False,-1.3264160675016488,-0.17148519501630538,1.023019418836969,-0.2727573622392891
2122,1.1034128392535507,False,-1.1970547467202914,-0.17110527940437043,-0.6784492276372737,-0.27234308752681585
2123,2.4792577985028306,False,-2.568284564217376,-0.17151691470147507,-0.9070046703938007,-0.2727941685348603
2124,1.6273475491232294,False,-1.4816496476939478,-0.17113474684186547,-1.2371402902794493,-0.2723653293950888
2125,3.033260307020575,False,-1.352288331226431,-0.1713557401100717,2.5213281426244465,-0.27260499291816215
2126,4.531794903856364,False,4.3396131646786795,-0.1716464892120632,-0.7038442773823581,-0.272921224070342
2127,2.2280875421088564,False,1.8817457510616957,-0.17181968156472643,0.5913034350630821,-0.27311797590795156
2128,2.938598760298373,False,1.6747675022349477,-0.1715112449552203,2.0134268264330615,-0.27275182008107596
2129,4.022008233353808,False,-1.5333941732746084,-0.1713912262926831,3.511735868434095,-0.27263928845745233
2130,1.2177030923694396,False,0.4587704771744831,-0.17154400602705927,0.7690688353201144,-0.2728050899369966
2131,2.6733339587397213,False,-2.8011348705300927,-0.17157685835742859,-0.7546343764599536,-0.27283203349976065
2132,2.980002008507959,False,1.9593625967585522,-0.17159700773518782,1.810266315440664,-0.2728605981346955
2133,1.3415789440781458,False,-0.7830984960511921,-0.17125579905566585,0.9214391837751686,-0.2724928292222696
2134,3.1640127444202357,False,-0.4726312838677691,-0.17149899409832264,2.876859096885508,-0.2727909331266372
2135,3.2539155727420255,False,-1.9214780968060052,-0.17140315713215631,2.470538008515669,-0.2726720827230983
2136,7.823630964116303,True,-2.1543284354103776,-0.17127611114405067,7.295603227637266,-0.2725336368706482
2137,3.2103579873122774,False,1.1055773656736052,-0.17116804830677596,-3.21795352269645,-0.2723969305500212
2138,3.520747741931421,False,2.528552838338424,-0.1713997387397968,-2.5322874981387,-0.2726596236735633
2139,2.136207642216407,False,-2.1025839167257345,-0.17156462416785645,-1.1863501964235268,-0.27281735780644073
2140,0.9971769506263787,False,0.22592001939616,-0.17129146393485073,0.6420935487328954,-0.2725519964003331
2141,4.863885627347781,False,3.175360016144322,-0.1713959537935612,-3.802039316799985,-0.27264770483417894
2142,2.261507786646964,False,-2.309561988018746,-0.17121690276751989,-1.0085848636008574,-0.27245623713378314
2143,1.5716145231550835,False,-0.9383320943689529,-0.17126553530256627,1.0992045965818062,-0.27249983933279054
2144,3.8313727180858197,False,2.580297409229976,-0.1708309537688752,-2.9386081173304706,-0.2720289702547619
2145,2.412639674585513,False,-2.309561988018746,-0.17175443940248042,0.8452540089270649,-0.27304669893909267
2146,2.579731744362395,False,0.09655865901177087,-0.17167955011957692,2.2927725434926467,-0.27297463953247636
2147,2.5020038664151913,False,2.1145962920592813,-0.17159747610397957,0.7436737777269351,-0.2728572481307108
2148,1.597852827398169,False,-0.44675901524968625,-0.1714128331998992,-1.8466213737149806,-0.2726722475064224
2149,1.5586329747426615,False,-1.5592664358492851,-0.17178933907946864,-0.9831898155051739,-0.2730972893267898
2150,3.8598472740993084,False,-3.9395139787276188,-0.17158313104293693,-1.110165054609651,-0.2728404554464655
2151,2.23530915562787,False,-0.23978086111982483,-0.17138110477089236,-2.5068924582751224,-0.27263074823929856
2152,2.1310699449258235,False,0.14830320273300227,-0.17171621434605006,-2.3799172569019897,-0.2730145642234639
2153,3.3097537635534633,False,0.924471427797532,-0.17141571419633245,-3.395718772037306,-0.27265958674474833
2154,2.257851739671493,False,1.0797050884007007,-0.17126451315223828,1.6071058132912335,-0.2725112750931492
2155,2.551450146316167,False,-0.7313539621270538,-0.1713867135876445,2.2165873462717225,-0.27265575816800747
2156,1.3842128866072443,False,0.14830320273300227,-0.17164343379019376,1.0738095371955907,-0.2729171582026354
2157,2.131107963393691,False,-0.6278648925513105,-0.17157501616834003,-2.3545222162162864,-0.27283632249212786
2158,4.912552514318573,False,-3.8101527303949467,-0.17160673929516224,-3.5734840146770197,-0.272855818886143
2159,3.1385872934053984,False,1.2608110323438928,-0.17170109315677523,-3.0655833036403832,-0.2729807539231564
2160,2.053601402463773,False,1.8817457510616957,-0.17168598566307114,-0.24673336092945738,-0.2729667729805268
2161,2.216396518082599,False,-2.309561988018746,-0.17177135027601148,0.31195781973267184,-0.27306380443869505
2162,0.6618993373467379,False,0.4587704771744831,-0.17131821403930336,-0.4752888247266098,-0.27257536653512127
2163,0.8595296192420628,False,0.22592001939616,-0.17127857746213349,0.4897232093772508,-0.27252129621300797
2164,2.0049362408077815,False,1.4936615421040982,-0.17137407280535993,-1.3895105685510931,-0.2726299371827138
2165,4.769745737713284,False,1.9593625967585522,-0.1716907361537826,3.9942422727531697,-0.2729671338636015
2166,1.634911418116685,False,1.3643001463474882,-0.17182761921762207,0.2865627646202197,-0.2730951096626747
2167,1.4790421705500463,False,-1.6368832227109809,-0.17173934975169658,-0.4752888247266098,-0.27303141456657537
2168,1.8530658573147438,False,0.7174932217466442,-0.17147891464398396,1.3531551980341718,-0.2727539304949496
2169,1.7148085130998294,False,-1.3781605948076079,-0.17146367681314145,-1.4910907513193357,-0.272711412886615
2170,1.6687453014370157,False,-1.714500008279315,-0.17151173596487607,0.3627479303707676,-0.2727805768217609
2171,4.209407627948158,False,-3.706663729152634,-0.1714262062531507,-2.5576825378652335,-0.27268664822218347
2172,2.5057833783920236,False,-2.361306504406535,-0.17158549902886888,-1.4910907513193357,-0.2728666977371171
2173,2.1381362515726585,False,1.053832811272451,-0.1710946669282064,1.4801305039367465,-0.27233938363233695
2174,1.79867983299424,False,1.3125555890567302,-0.17143441780480756,0.7436737777269351,-0.27270263360661773
2175,4.487812042073876,False,3.5634443663275137,-0.17152977438157396,-2.7608428507474936,-0.2727869959679513
2176,1.288482713333127,False,-1.4557773846880337,-0.171344385149388,-0.170548203853593,-0.27260137603307555
2177,6.331845566099031,True,-1.792116792554357,-0.17161880882990288,5.848083134675956,-0.27288477821134427
2178,4.046345676023793,False,3.511699784416925,-0.1714538365273044,-1.948201546603158,-0.2727044665921416
2179,0.7735738036140428,False,-0.03280269776778321,-0.17173614416422966,-1.0339799115591537,-0.27299699779567177
2180,3.698383302605369,False,-0.5243758206716483,-0.1716276096943667,-3.954409512065898,-0.2728881258943166
2181,3.5614998655096537,False,0.5881318476565374,-0.1713294766495831,3.206995007284072,-0.27258746613401236
2182,1.4896914438881255,False,1.286683310628054,-0.17139343615437674,0.0326122210715588,-0.2726580072647593
2183,2.516270289291763,False,-2.4130510202202506,-0.17169199446069866,0.8706490670718526,-0.2729945345201823
2184,2.0054863816351323,False,1.8300011879871132,-0.17150064445593577,-0.39910367136569114,-0.27275664430059593
2185,3.32503313718804,False,2.606169694893014,-0.17095907887335782,1.5563156891351626,-0.27216963637413455
2186,0.20670946709540938,False,-0.03280269776778321,-0.17161835161683608,-0.11975809844822427,-0.2729147095160064
2187,1.5501166813331733,False,0.3811536566167605,-0.17156639031932458,1.1753897755685518,-0.27283649102083757
2188,1.6657867994293674,False,-1.8179890536920662,-0.17183446218995058,-0.018177885985682696,-0.2731229892113161
2189,1.7302870324740187,False,-1.5333941732746084,-0.17117767330733258,0.7944638930512302,-0.27242054640588226
2190,4.355743262925498,False,2.864892559492507,-0.1714584885480827,-3.395718772037306,-0.2727281742729284
2191,3.7669034975730753,False,-3.240963195211023,-0.17141457771295476,-2.456102378136905,-0.2726577302612474
2192,1.1308889666859274,False,0.4587704771744831,-0.17149291346023027,-1.2117452434201816,-0.27276874709784527
2193,3.6162558956826003,False,2.2439577087899667,-0.17130922810752242,-2.964003154866225,-0.2725751536685046
2194,2.878753666829008,False,1.6747675022349477,-0.17148376040667235,-2.4814974182745013,-0.27274724819266644
2195,2.2990635307093306,False,1.7782566254911512,-0.17136308722117766,-1.4910907513193357,-0.27261946924103203
2196,1.5672138178186505,False,0.9762159807541639,-0.1714894030774079,0.7944638930512302,-0.2727422577029597
2197,1.6381292732175992,False,-0.8348430293994381,-0.17141379341766522,-1.7704362426085827,-0.2726623378122417
2198,1.444727607755534,False,-1.4299051215383043,-0.17175522638440116,-0.9831898155051739,-0.273058505107813
2199,0.6840743627361208,False,0.5105150249344448,-0.1717222137195868,-0.322918516766709,-0.2729848503544181
2200,2.7934383691630327,False,-0.7054816949490863,-0.17157788393702356,-3.0147932295270143,-0.2728519991204768
2201,2.624911225711632,False,-0.6019926247973808,-0.17172148727322412,-2.8624230039021117,-0.2730182059318167
2202,2.445909120681518,False,0.22592001939616,-0.17168246416921523,2.1404021502953157,-0.2729724778779648
2203,3.4407450261841466,False,1.6488952217824295,-0.17159158780475087,-3.192558486529075,-0.2728749920668583
2204,4.338201456819796,False,-4.068875223482945,-0.17139288566887373,1.6325008755764483,-0.2726554031875316
2205,2.5205950169717544,False,1.8558734694521468,-0.1716394424022495,-1.7704362426085827,-0.27291037258433476
2206,3.9766262440189926,False,3.511699784416925,-0.17157373626900985,1.226179895582891,-0.2728358135107753
2207,2.2738735539866615,False,0.25179229190566,-0.17149707173955753,-2.5068924582751224,-0.27276498165129764
2208,3.101676003748184,False,-1.145310217400843,-0.17175136010993386,-3.21795352269645,-0.2730321261181139
2209,3.6238053883444685,False,2.942509421698298,-0.1717365011935817,-2.125966843877435,-0.27301671289205903
2210,2.0425139943903665,False,-2.206072953520807,-0.17127677867379676,-0.44989377374387385,-0.2725252827643495
2211,1.731536638423028,False,-0.03280269776778321,-0.17174685885964863,-1.9989916322242969,-0.2730419056077883
2212,1.6372191270885714,False,0.9762159807541639,-0.17135995666083448,-1.4403006602097828,-0.2725883875565783
2213,0.6033538781566343,False,-0.4985035523418264,-0.17161665040640522,-0.7800294257926019,-0.27290255467388946
2214,0.7077238227818053,False,0.5363872990308136,-0.1713315784046931,-0.27212841301280105,-0.27260497102642
2215,1.5052062121495287,False,-1.404032858244829,-0.1716967974198959,0.5913034350630821,-0.2729791144879704
2216,1.349775270614915,False,-1.2487992754641974,-0.17177330377496214,0.5405133219444652,-0.2730530683144203
2217,1.650092714421577,False,1.3901724252097098,-0.17163957273469904,-0.8054244749877258,-0.27293408372623157
2218,4.693365582833418,False,-4.068875223482945,-0.17153205683105566,-2.8878180418484485,-0.2727859053622849
2219,1.0935940377237958,False,-1.1970547467202914,-0.17165367532944392,-0.6530541777547334,-0.27293081299628563
2220,1.6437104978469412,False,1.0797050884007007,-0.1715940301684295,-1.3387204763431295,-0.2728726225603973
2221,1.6682042316955592,False,-1.714500008279315,-0.17154720089084374,-0.9070046703938007,-0.27281288118144825
2222,0.8179090494977398,False,-0.08454723947062875,-0.17149272087988532,0.5405133219444652,-0.272760463810502
2223,1.8789935140914455,False,-0.6019926247973808,-0.17143083048907054,1.5563156891351626,-0.2726815501884262
2224,3.510262935975388,False,0.9503437042036953,-0.17143438938088984,-3.598879048793063,-0.2726863907033055
2225,0.8154653707287837,False,-0.8089707627972929,-0.17153383738830136,0.23577265480864396,-0.2728102135914995
2226,2.62977934626889,False,-2.1543284354103776,-0.17176788938545917,1.4547354424801116,-0.2730290133408406
2227,0.2980491587165294,False,0.018941844511514178,-0.17154163253572885,-0.043572939307845095,-0.27280255367453177
2228,1.7455364556999537,False,1.5195338216889656,-0.17158456028408198,0.15958749112439602,-0.2728630268869693
2229,1.3159216375988416,False,0.4328982035109602,-0.1715691770348277,0.8960441253545081,-0.2728290421169618
2230,2.892057535074831,False,2.4509359830875477,-0.17142423813283464,0.946834242333697,-0.27268269908889786
2231,3.530749340802195,False,-3.2927077012740917,-0.17133692487282715,-1.9228065035868853,-0.27258510212393405
2232,0.39162724891704725,False,-0.5502480888575147,-0.17179005952876647,-0.3737086199703131,-0.2730842286041803
2233,0.7583721267271045,False,0.48464275098231124,-0.1714579392979289,-0.6530541777547334,-0.27271453306296023
2234,1.5862394657371408,False,1.3901724252097098,-0.1713591652782704,-0.5514739768495337,-0.2725994935229397
2235,0.8946862347815197,False,0.7174932217466442,-0.17147647718507525,-0.3737086199703131,-0.27273969735612735
2236,0.35982417032574837,False,0.018941844511514178,-0.17144495813634625,0.0326122210715588,-0.2727149995663053
2237,3.0049237712983206,False,0.044814115867411006,-0.17138796147944346,2.724488684594522,-0.2726467102240362
2238,2.961546134112801,False,-1.2229270111641521,-0.17136565056327485,2.4959330755008837,-0.27263512602404
2239,3.7507539416789224,False,-3.8877694798238567,-0.17167463389867887,0.23577265480864396,-0.27293315465080703
2240,5.466074798304668,False,-2.128456176139824,-0.17151130789686414,-5.376531097601778,-0.27277381626429476
2241,4.643712966911847,False,4.36548546020876,-0.171527685651235,-1.26253533700133,-0.27279796432671843
2242,2.5833421143873303,False,-1.0935656875061317,-0.17150974113607353,2.1404021502953157,-0.2727841483562827
2243,4.20121224113071,False,3.9774010425150905,-0.17149977091287694,0.3881429858964797,-0.272769211393263
2244,1.1449400007305912,False,-1.171182482132475,-0.17146999833489496,-0.8308195240453939,-0.272732671464654
2245,3.1111908406934754,False,-2.3354342462844087,-0.1712260423130989,1.9626366978557475,-0.2724693940411611
2246,6.713883733240197,True,5.426249702164325,-0.17125714197787678,-3.9798045441320515,-0.2724951414631062
2247,1.9660516266940329,False,1.1314496430907452,-0.17148442698577948,-1.7450411986321106,-0.2727239906839825
2248,4.249410409994551,False,-4.24998096013242,-0.17197676478474622,0.9214391837751686,-0.27326667374883873
2249,4.009207094599185,False,-4.0430029748180285,-0.17154891121802174,0.7690688353201144,-0.2728450207821101
2250,1.5565114561297453,False,0.25179229190566,-0.17128862679383727,-1.7704362426085827,-0.2725298870399497
2251,0.8140132975343468,False,0.17417547480979617,-0.1714037151045068,0.4643281533004109,-0.27268573980934874
2252,0.9707917668015703,False,0.5622595732715578,-0.17155721288573011,0.3627479303707676,-0.27281954521630963
2253,1.1826327332003033,False,-0.7313539621270538,-0.17131500273418115,0.7690688353201144,-0.27255067252248233
2254,2.6423070049631794,False,2.3733191291399662,-0.17178602297143347,-0.9831898155051739,-0.2731076814822513
2255,2.721831846338289,False,2.011107161279965,-0.17162074413829842,1.3531551980341718,-0.27290246708189225
2256,4.3373560711803085,False,-4.508703428905217,-0.17142523071422688,-0.24673336092945738,-0.2726578023923634
2257,2.9792136113792442,False,-3.1374741813656026,-0.17143775766064018,0.007217167474072828,-0.27267264230410443
2258,0.8135693193592468,False,-0.8607152958577676,-0.17163045959968248,0.15958749112439602,-0.2729074638831376
2259,2.257778848773829,False,-2.2578174710568133,-0.17142888853058086,-1.1355601020181927,-0.27268929171404777
2260,1.8092639794996113,False,1.5971506613112187,-0.1714350232020042,0.10879738269012472,-0.27269834679016425
2261,3.607148492075787,False,-0.11041951010576842,-0.17140901669765152,3.3339703636712397,-0.27266214924293647
2262,5.318138944846229,False,5.141654393727844,-0.17154094650177315,-0.043572939307845095,-0.2728240126803772
2263,3.955373969035431,False,-2.387178762385126,-0.17133338015741711,3.0038344442687714,-0.2725975579696066
2264,1.1205972088246883,False,0.7692377723930621,-0.17153314778492762,-0.8816096217484314,-0.2727727384455466
2265,1.2844293182364588,False,-0.9900766259902216,-0.17149905398886012,-1.26253533700133,-0.27274451984018694
2266,4.809425853471442,False,3.2529768835697963,-0.17146523762125093,-3.6496691166148425,-0.2727220829710236
2267,1.879108273406835,False,-1.9732226175011298,-0.1715945932898731,0.26116770964556657,-0.27285312745917323
2268,3.2675161349703807,False,-2.2578174710568133,-0.17144847702434018,2.2419824118737965,-0.2727192782251057
2269,2.0900633532138553,False,-2.024967137621831,-0.1711722096924454,0.6928836629542484,-0.2724102518260417
2270,1.4350930757622329,False,-0.4985035523418264,-0.17143272230236745,1.1245996561060267,-0.2727243391034278
2271,1.1158614528083708,False,0.8468545994455033,-0.17122146840253982,-0.7292393269899181,-0.2724493210236827
2272,0.8820831128417348,False,-0.7572262291610657,-0.17154548050278323,-0.9323997189016456,-0.27281896473921347
2273,2.0276381655882942,False,1.8558734694521468,-0.17159515328397829,-0.24673336092945738,-0.2728616111615956
2274,2.169502555254105,False,1.2349387542043169,-0.17177445359040733,1.3785502589386491,-0.273081665390456
2275,2.204384302732377,False,-2.2578174710568133,-0.171465679496131,0.43893309736130137,-0.27271565055272595
2276,1.9831827345996142,False,-0.9383320943689529,-0.17128937682167772,1.5563156891351626,-0.27252346424881696
2277,1.5560836046391266,False,0.7951100479328339,-0.17142712412349742,0.946834242333697,-0.27267368958938526
2278,1.6611189427847535,False,0.018941844511514178,-0.1713751003798425,-1.9228065035868853,-0.2726270255313398
2279,2.079589151218483,False,-0.4726312838677691,-0.1715313936665051,1.784871252188521,-0.27280419831879055
2280,1.876105216036982,False,-1.714500008279315,-0.17156286972184676,0.7944638930512302,-0.27282817345337107
2281,0.7924160765942763,False,0.5363872990308136,-0.17147907217844532,0.08340232867958475,-0.2727539837380936
2282,0.6311929232195878,False,0.3811536566167605,-0.17133751614675258,0.0326122210715588,-0.2725971616434066
2283,2.549471123946626,False,1.4936615421040982,-0.17145201523946668,1.6578959379998055,-0.27269913869105367
2284,1.2243082853992664,False,-1.3264160675016488,-0.1713397268887069,-0.6784492276372737,-0.2725860756985191
2285,1.6343677992128163,False,-1.7403722698479815,-0.1713802811700884,0.18498254554812732,-0.2726406425621836
2286,3.494891522211948,False,-2.7235181030501474,-0.171646248267264,2.115007085246429,-0.2729230801678956
2287,2.5560556694129337,False,2.0887240091473473,-0.17131486218193237,0.9214391837751686,-0.27256211027158694
2288,3.572426844161368,False,3.0718708616073,-0.17141554460472846,-1.7704362426085827,-0.2726631183025882
2289,2.3193532392318805,False,-2.49066779286455,-0.1714605320440462,-0.24673336092945738,-0.27272570691964315
2290,2.3959291023499873,False,0.4587704771744831,-0.17146622694585034,2.0388218909289666,-0.2727309278399196
2291,0.4488942177620291,False,-0.6019926247973808,-0.17130952822469359,-0.39910367136569114,-0.2725685600780381
2292,1.3704439039920553,False,-1.507521910556116,-0.17154551910653515,0.0326122210715588,-0.27280590963760376
2293,6.464275029160178,True,5.529738909600684,-0.17147073267245638,-3.3195336659975743,-0.2727225561391376
2294,7.808594024344206,True,-4.379342196305951,-0.17130455280069323,6.305194694036714,-0.2725369879175985
2295,3.824079237163908,False,3.4082106223371342,-0.17137070460870113,-1.6180659766912087,-0.27263832109342767
2296,2.2596786555835395,False,1.7782566254911512,-0.17160699804048224,-1.4149056144490628,-0.27289971693271525
2297,0.9047017857551808,False,0.09655865901177087,-0.1715162221911643,0.5913034350630821,-0.2727669906373919
2298,0.06140863451390593,False,-0.13629178059688257,-0.1712839394642794,-0.322918516766709,-0.2725345453540312
2299,0.8882296478025631,False,-0.16216405094376135,-0.17151356730942696,-1.1609551492895533,-0.27277592460766337
2300,2.522709939151149,False,0.9503437042036953,-0.17148283969022926,-2.5322874981387,-0.27273702492330715
2301,6.604945123926358,True,4.934675998655034,-0.17172524887518692,-4.462310127443387,-0.27304274834755143
2302,1.682352290371433,False,-1.8438613146859597,-0.17093994038794497,-0.09436304553911588,-0.27213283157237084
2303,1.6116656062394403,False,0.5881318476565374,-0.17158923640274826,-1.694251110267417,-0.2728825676947301
2304,1.1095935184247918,False,-1.2229270111641521,-0.17158545460546726,-0.6276591277347373,-0.27286837077264614
2305,3.859302705097485,False,-3.8877694798238567,-0.17141823453280552,-1.3133254300332045,-0.2726772613815639
2306,0.7387195311420054,False,-0.5502480888575147,-0.17150297810485343,-0.9070046703938007,-0.27276741178457586
2307,2.851762307544208,False,1.8558734694521468,-0.17157859477471205,-2.278337093336982,-0.2728488880650596
2308,1.9390759940302493,False,-1.145310217400843,-0.17169340312192788,1.4039453199811316,-0.27297980651957143
2309,1.9636503812162378,False,1.6488952217824295,-0.17183341005843372,-1.0085848636008574,-0.273155820096034
2310,1.986801385262612,False,-0.317397669999099,-0.17149700785849903,1.7086860632608782,-0.27275030678543266
2311,1.7101183347825182,False,1.053832811272451,-0.17162058795295582,-1.4656957058332527,-0.2728988930690885
2312,1.6250694521500137,False,-1.3005438036329806,-0.1715398701523589,0.8960441253545081,-0.2728004922208309
2313,1.9636846724934767,False,-0.3432699393373095,-0.17162424405297783,1.6832910005613049,-0.27287499774517743
2314,0.34955183325997724,False,0.17417547480979617,-0.1715591413154976,-0.22133830870838328,-0.2728254613346129
2315,3.3789594073585496,False,3.2012323051411418,-0.17166279605387663,-0.4752888247266098,-0.2729524021560193
2316,1.3497699882858243,False,-0.6278648925513105,-0.17135540852960868,0.9976243598645628,-0.27260168698841286
2317,0.4873905238399471,False,0.09655865901177087,-0.1715493450177185,0.1341924368383265,-0.27282859612385024
2318,1.8308243541250127,False,1.4936615421040982,-0.17132092993517967,-1.0339799115591537,-0.27256960982962347
2319,1.8449572221661628,False,-1.9990948776333184,-0.1715960434610993,-0.526078926279371,-0.27287528319187077
2320,0.7259451376893084,False,-0.5243758206716483,-0.17140261722897876,-0.9070046703938007,-0.27265175190325314
2321,2.1054382044087188,False,1.9334903147149682,-0.17132315403984644,-0.22133830870838328,-0.2725718588265002
2322,2.700180054330983,False,1.9852348789469312,-0.17149098872481727,-1.897411460433363,-0.2727563341489401
2323,2.66283300508537,False,2.1404685751158703,-0.17148825401649198,1.048414477947243,-0.27277225048210735
2324,2.101827680662265,False,-2.024967137621831,-0.17138740881444353,0.7182787202716235,-0.2726394686927558
2325,1.5274424442424344,False,0.12243093080030386,-0.17145967006785046,1.226179895582891,-0.2727220679491682
2326,0.7671773144590307,False,-0.9383320943689529,-0.17155331123605227,-0.2975234649585516,-0.27283186657387287
2327,2.385554343753118,False,-1.8697335755363174,-0.1715371468446265,-1.948201546603158,-0.2727927064690852
2328,3.1964176198865064,False,1.2349387542043169,-0.17155916412409322,2.5975133448252947,-0.27282567640500927
2329,4.77568551129264,False,-0.08454723947062875,-0.17147535444192402,4.502143805101981,-0.27275037854069656
2330,2.3978457815986483,False,2.1663408583173243,-0.17162710376672857,-0.8054244749877258,-0.27291465901156714
2331,3.366287494907243,False,0.8727268754184709,-0.17136010239206817,2.9276492354233565,-0.2726272230433162
2332,1.763109346843994,False,0.018941844511514178,-0.1714245270132994,1.4801305039367465,-0.27267088509523774
2333,2.869469258969212,False,-0.21390859120530242,-0.1713606176781105,-3.141768413784153,-0.2726152950670117
2334,3.688617372831762,False,3.2529768835697963,-0.17150778643792047,-1.6434610213537926,-0.27276754847266554
2335,5.536908442376233,False,-4.689809148541142,-0.17166435551831222,2.9276492354233565,-0.272930858628164
2336,2.880888683307368,False,2.4509359830875477,-0.17122665286882988,-1.4656957058332527,-0.27247748658399085
2337,1.327020676288738,False,1.1314496430907452,-0.1710668148257395,-0.526078926279371,-0.2722965627533073
2338,1.648999796665193,False,1.4677892626635358,-0.17152673679035962,-0.09436304553911588,-0.272807339325131
2339,1.191406676606012,False,-0.9642043602516001,-0.17120032961609227,0.6166984918290549,-0.27244682664615183
2340,2.73921882964096,False,-2.8528793814663866,-0.17133827546768865,0.2865627646202197,-0.2725904272416297
2341,3.6110936837731544,False,1.2349387542043169,-0.1717587151616844,-3.598879048793063,-0.27304309733873955
2342,8.582771783214872,True,4.598336126520792,-0.17159337833230692,-7.408132621925753,-0.2728861326772172
2343,2.2800408829349714,False,-1.6886277465669726,-0.17124802047263493,1.429340381161619,-0.2724636605041315
2344,3.541250064892945,False,3.356466042167723,-0.17158311918838182,0.0326122210715588,-0.27286999527377603
2345,1.5680055507262582,False,-1.0159488915850277,-0.17151062344099843,1.048414477947243,-0.2727835081578684
2346,2.0308580187120295,False,-1.1970547467202914,-0.17146886867035316,1.4801305039367465,-0.2727404620582891
2347,3.0991746941294447,False,-1.792116792554357,-0.17142500999633387,2.368957741958363,-0.27267806016545276
2348,0.5219732302092503,False,-0.3691422085315643,-0.1714707119526523,0.21037760010945175,-0.2727156651002147
2349,3.453931251794614,False,3.0201262852087822,-0.1717875755122203,-1.592670931891375,-0.2730832899771749
2350,3.950514410101303,False,3.718678115542473,-0.17210282617258332,-0.957794767272172,-0.27344473955403037
2351,4.0886241922172175,False,-1.9473503572254054,-0.17135758682438013,3.410155579166577,-0.27260067975043784
2352,1.553787775532931,False,0.5105150249344448,-0.17144053968498774,-1.668856065879264,-0.2727216544939846
2353,1.1636551284129373,False,-0.7830984960511921,-0.17138702663766547,-1.26253533700133,-0.2726366632691182
2354,4.892920463527354,False,-4.92265934921404,-0.17134894551238694,0.8960441253545081,-0.2725943901647278
2355,1.6020294236271524,False,0.12243093080030386,-0.1712732963850051,1.3023650766396442,-0.2725090368541506
2356,3.0880250630657593,False,2.011107161279965,-0.17145655766578916,1.9118465698312774,-0.27271576972924993
2357,1.427367770811929,False,-1.3781605948076079,-0.17159077988232846,0.4897232093772508,-0.27288181508498943
2358,0.5672348451653338,False,0.3811536566167605,-0.17152753137614907,-0.14515315121967087,-0.2728179368845166
2359,3.304673812701135,False,-3.18921868857493,-0.17118082554308056,1.0738095371955907,-0.2724081532576818
2360,1.9187548585701644,False,1.0279605342886469,-0.17161888600708647,-1.7704362426085827,-0.27289660011644534
2361,0.6096240260171873,False,0.20004774703082542,-0.17159350788636424,0.21037760010945175,-0.2728611316113005
2362,2.328163182881377,False,-2.49066779286455,-0.17143331777945287,-0.06896799249227706,-0.27266231837723104
2363,1.8277400997300888,False,1.3125555890567302,-0.17135388697193987,0.7944638930512302,-0.2726079839660169
2364,1.5861755800956288,False,1.3901724252097098,-0.17128235817848636,-0.5514739768495337,-0.2725424186168015
2365,2.676079190642096,False,-2.8270071260699026,-0.1714401914497754,0.05800727480677521,-0.27269183857809165
2366,6.7538324085744685,True,-3.9653862279648604,-0.17148234988674282,5.314786372448285,-0.2727483328696887
2367,2.560367457313607,False,-1.3264160675016488,-0.17140223630913148,-2.5576825378652335,-0.2726395450906005
2368,4.900749443750007,False,0.3294091102995722,-0.17162457757786953,-5.14797587162521,-0.2729060113386282
2369,2.4209936596460726,False,1.4160447042164468,-0.17145187999393285,-2.100571801821019,-0.2727142528907847
2370,3.104664567926525,False,0.018941844511514178,-0.17149927062160158,2.8260689589013284,-0.272748742928441
2371,2.8473642400549437,False,2.2957022764956094,-0.17138912997256261,-1.694251110267417,-0.2726533916771229
2372,2.432080215884904,False,-1.507521910556116,-0.17151118437229856,1.7594761890745205,-0.27278568081074095
2373,1.985619546962382,False,-2.0767116571679693,-0.17149137741498516,0.2865627646202197,-0.27273810786376096
2374,3.454519912956695,False,2.9166371341514563,-0.17102588844893124,1.2769700161493882,-0.2722283197119572
2375,2.7485232494649803,False,2.50268055310991,-0.17171490471140727,-0.9070046703938007,-0.27298883407864644
2376,0.8563409392114474,False,-0.9900766259902216,-0.17193521157423142,-0.526078926279371,-0.27323712740473344
2377,1.2005784417660337,False,0.7951100479328339,-0.17165032475981923,0.43893309736130137,-0.27293620661092705
2378,0.4106115276329371,False,-0.44675901524968625,-0.171216667356421,-0.5768690272821031,-0.27245907696410854
2379,2.938301439745073,False,2.3991914136442953,-0.171606218946878,1.149994715768321,-0.27289403062110384
2380,1.8080196115762412,False,0.9762159807541639,-0.17132615572132243,1.1245996561060267,-0.27256782236688853
2381,2.5355884326396767,False,-0.6537371601612146,-0.17146434143251776,2.2165873462717225,-0.272713593903502
2382,1.578281546347611,False,0.4587704771744831,-0.17133227134309048,-1.71964615451832,-0.2726019935484989
2383,2.700086400959842,False,2.528552838338424,-0.17153330062895938,-0.27212841301280105,-0.2728165664340169
2384,2.049839693370528,False,-2.128456176139824,-0.1715283838821673,0.3373528749827858,-0.27278949852704637
2385,1.6744762577006005,False,1.4160447042164468,-0.17142577118674407,-0.8054244749877258,-0.27268979331439813
2386,1.9991242899156743,False,1.8041289066668746,-0.1715287322212357,0.0326122210715588,-0.2727932402491066
2387,1.709986866594181,False,-1.8438613146859597,-0.17134790886622292,0.08340232867958475,-0.27261564015446593
2388,1.7669545851336912,False,1.4677892626635358,-0.1713625980887606,-0.9323997189016456,-0.27262271363499063
2389,0.5576775148254116,False,-0.006930426700287177,-0.17127767046911885,-0.8054244749877258,-0.2725207806574666
2390,2.1886617580894527,False,1.2349387542043169,-0.171624082453807,1.4039453199811316,-0.2729018856541719
2391,2.788707117533393,False,-0.9900766259902216,-0.17147525569554273,-2.9386081173304706,-0.2727540110693379
2392,4.053541691057601,False,-3.0081129108343236,-0.17146053112404208,2.6229084125023885,-0.2727091471359023
2393,1.6669680555900137,False,1.4936615421040982,-0.17153295528191936,-0.1959432563497847,-0.272809380436997
2394,1.1209026365477845,False,-1.0159488915850277,-0.17145410067307898,0.4643281533004109,-0.27272669608663
2395,1.6785317341713681,False,-1.352288331226431,-0.17148093365116923,-1.4656957058332527,-0.27273291838659475
2396,1.4103452238401488,False,0.018941844511514178,-0.17154426156961428,1.1245996561060267,-0.27282196339296005
2397,1.0105972135300871,False,-0.6537371601612146,-0.17154513277155714,-1.1609551492895533,-0.27281372165736073
2398,0.9920573858701419,False,0.14830320273300227,-0.17133519247868623,-1.2117452434201816,-0.27259467624527295
2399,2.01614299723196,False,-1.4299051215383043,-0.1717466626376375,1.3023650766396442,-0.27302525264649524
2400,2.281799566460435,False,-2.4389232779118397,-0.17126083413899812,-0.526078926279371,-0.27248796367292444
2401,0.9289584393487378,False,0.09655865901177087,-0.17147771779170645,0.6166984918290549,-0.2727502611126899
2402,1.4072068463118614,False,0.6140041221858921,-0.17143909885680925,-1.4403006602097828,-0.2726928637232455
2403,3.6821979390607273,False,-2.930496146795462,-0.17161668261371438,2.165797215482482,-0.27288266121637644
2404,2.363024107455268,False,-0.11041951010576842,-0.17137041301910827,2.0896120203357533,-0.2726251444903719
2405,0.7181500934774998,False,-0.5502480888575147,-0.17158304205390407,0.3373528749827858,-0.27285062818679356
2406,1.8602888251340874,False,-0.317397669999099,-0.17158111668985093,1.5817107511441613,-0.27285355560538777
2407,1.2246439364685664,False,-0.05867496869132367,-0.17136682957066585,0.946834242333697,-0.2726122702312924
2408,4.040274527100195,False,-3.2927077012740917,-0.17154084514922147,2.2927725434926467,-0.2727939818151863
2409,1.5438472886257217,False,1.286683310628054,-0.17141598438528355,-0.7800294257926019,-0.2726748448048907
2410,2.030396101984037,False,0.27766456455939537,-0.1715976383280579,-2.252942052103035,-0.27287429563750665
2411,0.4056412125435045,False,0.12243093080030386,-0.1713018381785094,0.007217167474072828,-0.2725327486987526
2412,1.2081707105709378,False,-1.0159488915850277,-0.17128423441222868,0.5913034350630821,-0.2725312619260227
2413,1.7585093511172387,False,-1.507521910556116,-0.17144662265915206,0.8706490670718526,-0.2727039239491567
2414,2.3208189244958475,False,-2.2578174710568133,-0.17133250943784967,0.7436737777269351,-0.27258209972486785
2415,3.7082055381581718,False,-0.16216405094376135,-0.17138738069880882,3.435550651275488,-0.27264301970054133
2416,2.5573066027560936,False,1.3125555890567302,-0.17129319674637522,1.810266315440664,-0.27252115915977365
2417,1.8037131149704753,False,1.1573219206524004,-0.17153211907366617,0.946834242333697,-0.2728077185448414
2418,1.9228439530660206,False,-1.6368832227109809,-0.17167400532585458,0.972229301030093,-0.27295467922029193
2419,2.4082380014987983,False,-1.6110109605675413,-0.17147070877866383,1.6578959379998055,-0.27273415422816794
2420,5.349064621555918,False,3.8480395772137386,-0.17142769000125246,-3.802039316799985,-0.2726805911802832
2421,2.6475629119721877,False,-1.8697335755363174,-0.1714070025396604,-2.303732134433886,-0.27265517097220704
2422,3.1504244948010713,False,-3.2150909419646396,-0.17142441565426608,0.5405133219444652,-0.272669310297054
2423,3.201070076862934,False,2.683786552751459,-0.1711629654535664,1.1753897755685518,-0.2723999714139852
2424,2.2010816543523926,False,1.3125555890567302,-0.17129767097841275,1.3531551980341718,-0.272554600242032
2425,1.3734675457635201,False,-1.0676934223429826,-0.17137724879509575,-1.3133254300332045,-0.2726396092353788
2426,1.2720255382955303,False,0.8468545994455033,-0.17139881965626663,0.4897232093772508,-0.2726455912139488
2427,2.3558391091983797,False,0.9762159807541639,-0.17133615134171248,1.784871252188521,-0.27257800387125336
2428,2.5483041409471188,False,0.7174932217466442,-0.17178312103053023,2.115007085246429,-0.2730947523301831
2429,1.8706364631390067,False,1.5971506613112187,-0.17169681623124566,-0.8816096217484314,-0.27296593233392746
2430,3.032260123637614,False,0.07068638736747325,-0.17145146639741476,2.7498837529637012,-0.272692587571388
2431,1.6973261896932912,False,1.4936615421040982,-0.17134302528320045,-0.6022640775772168,-0.272612172385966
2432,2.874427725526322,False,1.4677892626635358,-0.17133907294462208,-2.6338676562233947,-0.27259938441596004
2433,2.209457452655586,False,-1.041821157035948,-0.17160059099525843,-2.303732134433886,-0.27286698584070307
2434,3.8521078767866896,False,-1.119437952525465,-0.17142080717495112,3.4609457235230217,-0.27268474764604345
2435,4.160941735139511,False,3.82216728458914,-0.17130228483548204,0.8960441253545081,-0.27255751537773876
2436,5.319180213298812,False,5.115782093834328,-0.17127551884229314,-0.8562145729656749,-0.2725269843721226
2437,3.3615752112944026,False,0.07068638736747325,-0.17153891152737766,3.080019654360626,-0.27281697052343223
2438,1.421863259574867,False,-0.7572262291610657,-0.17122285921756325,1.023019418836969,-0.2724661406045588
2439,2.2153930430791906,False,1.1831941983585708,-0.17151437713169876,1.4801305039367465,-0.27278986763153223
2440,2.518646649621145,False,-0.006930426700287177,-0.17169810396736063,-2.786237889241525,-0.27298805503461954
2441,0.6667377620901197,False,0.14830320273300227,-0.17168990547438356,0.31195781973267184,-0.27296369333690274
2442,2.2412501664970796,False,0.4328982035109602,-0.17116883338661254,-2.4307073378622643,-0.27240033631098554
2443,2.0399785531491057,False,-1.171182482132475,-0.17135891363642436,1.5055255655313866,-0.27263640950856555
2444,0.9572058009093029,False,0.7174932217466442,-0.17150606850860994,-0.6276591277347373,-0.27280335831327074
2445,0.3082470762771783,False,0.09655865901177087,-0.17119353796895254,-0.11975809844822427,-0.2724344473819109
2446,1.9730962784675017,False,1.3384278676297816,-0.171386642149706,0.9976243598645628,-0.2726378638288244
2447,2.598391720763235,False,1.6488952217824295,-0.17132834464897806,1.5817107511441613,-0.2725869578546278
2448,2.2003325338491546,False,0.5363872990308136,-0.17172443124136494,1.810266315440664,-0.2730073885345193
2449,1.5246420422715805,False,-0.8865875621720717,-0.17144313373856468,1.0738095371955907,-0.272704489909004
2450,2.4247795250589856,False,-0.6019926247973808,-0.17168864034668907,-2.6592626954020964,-0.2729714756422945
2451,3.987732758983277,False,1.7782566254911512,-0.1713466754879202,-3.751249250618269,-0.27259213798875787
2452,0.6987071220723525,False,0.5105150249344448,-0.1715229557244276,-0.4244987226236134,-0.27279425671556445
2453,3.3656647651517475,False,-1.041821157035948,-0.17148203440274185,2.978439374515216,-0.27274618435630243
2454,2.1009224043449968,False,-0.9383320943689529,-0.17137077510525822,1.6832910005613049,-0.27263372888455745
2455,3.649756439341325,False,-1.9732226175011298,-0.17131585093096796,-3.4465088420466374,-0.27257635692490106
2456,1.4994168982883123,False,0.7692377723930621,-0.17130480648667445,-1.4403006602097828,-0.27255756635425443
2457,6.6428709189548965,True,-5.595337641746728,-0.17138247226195358,3.562526013899524,-0.2726325614206793
2458,4.008087278031123,False,3.718678115542473,-0.1717174490510685,-1.2371402902794493,-0.27299612917277954
2459,2.3394845516061666,False,-0.9383320943689529,-0.17179708990208248,1.937241633774407,-0.2730969245729385
2460,1.4232059584005015,False,-0.13629178059688257,-0.17150632188647785,1.149994715768321,-0.27277498105573544
2461,1.6097225578073944,False,-1.2229270111641521,-0.17121229929639165,-1.4910907513193357,-0.2724478614483699
2462,0.9441349605542037,False,0.14830320273300227,-0.1713283646130942,-1.1609551492895533,-0.2725737729360348
2463,0.40764413903226837,False,-0.5761203568994955,-0.17180105564034215,-0.22133830870838328,-0.2730778748980749
2464,1.9455978317362017,False,1.6488952217824295,-0.1715957146066603,0.41353804155992235,-0.2728731963219445
2465,2.2048248361931115,False,-0.9642043602516001,-0.1711984172975946,1.784871252188521,-0.27240441496150564
2466,1.9705338667603127,False,-0.6796094276270933,-0.17155250589979232,-2.1767569275789302,-0.2728448493632365
2467,1.569492766399004,False,-0.42088674648771773,-0.17130587060265406,1.2769700161493882,-0.2725495283733489
2468,5.295651404460006,False,-4.638064657931124,-0.17136925982671014,2.5721182772866866,-0.27262292359879625
2469,2.1267122079901757,False,1.3384278676297816,-0.17161764673837598,-1.7704362426085827,-0.2728844982349791
2470,2.127482431750353,False,0.12243093080030386,-0.17157664223409996,-2.3799172569019897,-0.2728486982787739
2471,0.5508496518670243,False,0.3294091102995722,-0.17149738974053363,-0.043572939307845095,-0.27275859458445756
2472,4.020606962601411,False,1.7523843444601526,-0.17142070618737776,3.2577851494233037,-0.2726896572818806
2473,2.2073679434698,False,1.5971506613112187,-0.17131902314232056,1.048414477947243,-0.27256348271596015
2474,2.557474796443139,False,-0.7572262291610657,-0.17167570581252545,2.2165873462717225,-0.27295054965842863
2475,1.8313576520308636,False,-0.26565313089039166,-0.17136062306385247,1.5563156891351626,-0.2726118600324972
2476,1.5310636538995968,False,-0.317397669999099,-0.17127959608033372,1.2515749557971372,-0.27249813313979904
2477,0.2787371281141596,False,-0.16216405094376135,-0.17162110315633633,-0.5514739768495337,-0.27290413882536113
2478,1.6441174293523737,False,-1.6886277465669726,-0.17168669062300262,-0.9070046703938007,-0.27296740850721607
2479,1.0093600611297473,False,0.12243093080030386,-0.17147362846729275,0.6928836629542484,-0.27273858776108234
2480,1.3736120104708287,False,-0.5502480888575147,-0.1711628230490455,-1.592670931891375,-0.27241171252855434
2481,1.167053921324369,False,-1.2746715396204968,-0.1713642618596416,-0.6530541777547334,-0.2726283424352796
2482,2.135164957114465,False,-2.231945212360543,-0.1712786153502499,0.2865627646202197,-0.2725211567584044
2483,2.39443187720515,False,1.9593625967585522,-0.1713338999371441,0.819858950920145,-0.2725839654553419
2484,1.350325591708209,False,1.1314496430907452,-0.17136211376414212,-0.6276591277347373,-0.2726140901364482
2485,2.8696041804497723,False,1.8300011879871132,-0.1715238284564412,-2.329127175393402,-0.2727897288266546
2486,0.9662410594979235,False,-0.6537371601612146,-0.17156913438120552,-1.110165054609651,-0.27282919012749324
2487,0.5393560243349382,False,0.07068638736747325,-0.17140852815832508,-0.7546343764599536,-0.27266696537255297
2488,2.1542078921149,False,-0.8089707627972929,-0.17162119661281572,1.784871252188521,-0.27289247870285765
2489,3.0576217885897794,False,1.6747675022349477,-0.1715422272932577,-2.710052773348642,-0.27280264830455425
2490,1.003297527907241,False,0.5105150249344448,-0.17146619064649848,-1.0085848636008574,-0.2727146271786887
2491,2.5951147806961425,False,2.3991914136442953,-0.17138140895390502,0.08340232867958475,-0.27264910093691225
2492,0.9428413907879635,False,0.7433654969976655,-0.17151932967752886,-0.5006838755717526,-0.27279293854720593
2493,1.3218794398146,False,-1.4816496476939478,-0.17166751990188783,-0.44989377374387385,-0.2729573190563094
2494,1.7422823720857172,False,0.20004774703082542,-0.1715786053329318,1.429340381161619,-0.2728458180358503
2495,3.4239211424526625,False,-2.4389232779118397,-0.17153988410591992,2.2927725434926467,-0.272808544041787
2496,1.2667557897854465,False,0.25179229190566,-0.17131805957743446,0.9214391837751686,-0.2725634668331631
2497,3.019453476365611,False,2.83902027238047,-0.17170337008830683,-0.043572939307845095,-0.2729950852783838
2498,2.891119213542604,False,-3.0598574194768413,-0.17155930847325268,-0.14515315121967087,-0.27283225560139873
2499,1.3483805452483588,False,1.1573219206524004,-0.17144447509436717,-0.043572939307845095,-0.27271999786447254
2500,0.9457197639141325,False,-0.05867496869132367,-0.17151127238282027,-1.2117452434201816,-0.27278178461004265
2501,4.834803280188163,False,-3.654919227672501,-0.1715259387029116,3.080019654360626,-0.2727837990551565
2502,3.7472174176860613,False,-1.0935656875061317,-0.1713413818160076,3.3593654353644187,-0.2725949163173339
2503,2.623318452398488,False,2.4509359830875477,-0.17128600085364176,-0.3483135684372733,-0.27251869714445714
2504,2.709641249030668,False,2.528552838338424,-0.17138764779112758,-0.043572939307845095,-0.272645235983606
2505,1.889454089766815,False,0.018941844511514178,-0.1714519249182921,1.6071058132912335,-0.2727307557047249
2506,2.1736863028856503,False,-2.2578174710568133,-0.17151151848625407,0.3373528749827858,-0.2727584381971478
2507,2.6192085660526465,False,1.9593625967585522,-0.17146679958528366,-1.7958312864479422,-0.2727363296015814
2508,2.962917918821113,False,-2.024967137621831,-0.17158273950439323,2.0388218909289666,-0.272853986077566
2509,3.0549623433931807,False,2.4768082680263315,-0.1712248907767815,-1.7958312864479422,-0.27244513175138885
2510,4.290565674450158,False,-3.0857296735831112,-0.17117846929887687,-3.4211138071103906,-0.27241093714578685
2511,1.558321917301686,False,-0.6019926247973808,-0.17148320666774736,-1.7704362426085827,-0.27276209770870363
2512,1.49099940040649,False,-1.4816496476939478,-0.17145463346998868,0.43893309736130137,-0.2727317486958026
2513,2.414725053300982,False,1.2090664762091863,-0.17132660953171464,1.7086860632608782,-0.27257783934786894
2514,2.3303554691640618,False,0.6398763968595522,-0.17146156655703199,1.9118465698312774,-0.2727093993537394
2515,0.9390781055981859,False,-1.0935656875061317,-0.17161808441031,-0.09436304553911588,-0.2729047532342503
2516,1.1891319567552268,False,0.35528138338601367,-0.17130589746432268,-1.3387204763431295,-0.27254280360501987
2517,3.028601619743374,False,-1.507521910556116,-0.17161351405630265,2.4451429416688026,-0.2729030318957492
2518,2.8894980662276035,False,1.7782566254911512,-0.1718077617682306,-2.405312297450649,-0.273078207912438
2519,3.2267913556031735,False,2.7614034119138973,-0.17163808482977128,-1.6180659766912087,-0.27291041547493966
2520,1.2853761064479179,False,-0.9900766259902216,-0.17144545964556596,0.7182787202716235,-0.27269683455936045
2521,1.4626096148271115,False,-1.5333941732746084,-0.17130743726873537,-0.8054244749877258,-0.2725645740013382
2522,2.5005167777748003,False,0.48464275098231124,-0.17129439051490924,2.1404021502953157,-0.2725469120759702
2523,1.870528903413049,False,0.22592001939616,-0.17149023651227202,-2.100571801821019,-0.27274759938640364
2524,4.089802904769843,False,3.796294992109686,-0.1715908115464178,0.7182787202716235,-0.27286537058489224
2525,0.6822719255661654,False,0.5105150249344448,-0.17126405444698511,-0.24673336092945738,-0.27250074293291143
2526,2.036848978089775,False,1.6488952217824295,-0.17167470195510764,-1.1863501964235268,-0.2729647936365495
2527,3.083556586308299,False,2.3474468447802925,-0.1715954653138873,1.5055255655313866,-0.2728852930808673
2528,1.194624284459686,False,-0.13629178059688257,-0.17141560437089365,0.9214391837751686,-0.27266765201622506
2529,0.9098511887991751,False,-0.3691422085315643,-0.17155867678466974,-1.1609551492895533,-0.27281888698683754
2530,0.6444003962836271,False,-0.05867496869132367,-0.17127500958992947,-0.9070046703938007,-0.272524988051875
2531,2.884221858735387,False,-3.0339851652272456,-0.17166041781172642,-0.6276591277347373,-0.27293969368585735
2532,2.919379937903746,False,2.683786552751459,-0.17137497591208017,-0.8816096217484314,-0.27265361649950076
2533,4.012939937975529,False,-1.352288331226431,-0.17149039826418117,3.562526013899524,-0.27275777436713156
2534,2.7062748379265456,False,2.1145962920592813,-0.17156538168992952,1.1753897755685518,-0.2728458716023519
2535,1.0930717825910496,False,-0.5761203568994955,-0.1713167330836985,-1.2879303835858922,-0.27258169779010255
2536,2.133304485284357,False,-2.1543284354103776,-0.17139055417476207,-1.0593749593799255,-0.2726459476178997
2537,2.2192779629668937,False,-1.9732226175011298,-0.17158058544076182,1.023019418836969,-0.2728497809995709
2538,2.415584044246103,False,1.053832811272451,-0.17155448086355707,-2.3545222162162864,-0.2728234829958338
2539,0.8751817078569483,False,-0.03280269776778321,-0.1715556275614754,0.5913034350630821,-0.27280618756736885
2540,0.9285584940825801,False,0.5881318476565374,-0.1715290058269417,0.26116770964556657,-0.2728130097132594
2541,1.5235768376765098,False,1.0279605342886469,-0.17116203322750329,0.6674886057746037,-0.27239159018148806
2542,1.6573043598971378,False,-0.6019926247973808,-0.17134823329737897,1.3277601372679055,-0.2726142240578515
2543,3.6830228841443318,False,-3.6807914784840907,-0.17159384428911417,0.8452540089270649,-0.272862778020731
2544,1.5294790781253385,False,0.8985991515357439,-0.17158677351265444,0.819858950920145,-0.2728453603446087
2545,1.6150215478406058,False,-0.8865875621720717,-0.17139685192000298,1.1753897755685518,-0.2726413000916503
2546,3.2702301015420483,False,3.0201262852087822,-0.17167625404831593,0.43893309736130137,-0.27296195318368843
2547,0.8280496626869649,False,-0.7313539621270538,-0.17141942397840715,0.3373528749827858,-0.27267777091064854
2548,1.3947862457143925,False,0.4070259299917427,-0.17144382731322455,-1.5418808418798893,-0.27270799560659587
2549,1.5687748911435386,False,-0.8348430293994381,-0.17140366553407294,-1.694251110267417,-0.27266736904103983
2550,5.439157381599495,False,-5.4142319570941755,-0.17135737355461045,1.1753897755685518,-0.27260719783337645
2551,3.309635496966231,False,-2.7235181030501474,-0.1714274624703257,-2.3799172569019897,-0.27266375281467337
2552,3.7992168812638916,False,3.4599552030868455,-0.17139092541956646,-1.3895105685510931,-0.27265279227733086
2553,3.3014334814878326,False,0.5363872990308136,-0.1713737718268713,-3.4972989115090294,-0.27262311664303135
2554,2.285709817544747,False,1.7782566254911512,-0.1714069819579624,-1.4656957058332527,-0.2726833754770706
2555,3.1384929923101104,False,-2.6459013342792885,-0.17144811545524807,1.6578959379998055,-0.27270438008306186
2556,2.4572823587478974,False,2.2698299925703904,-0.17160817666126543,-0.5514739768495337,-0.27288435650125303
2557,1.7551541998380744,False,-1.895605836242999,-0.17163324587329992,-0.6022640775772168,-0.2729037397573169
2558,1.4984969162048223,False,-1.1970547467202914,-0.17141240133590152,0.819858950920145,-0.27263668662398344
2559,1.2548701315820194,False,-0.6278648925513105,-0.17171090704931002,0.8960441253545081,-0.2729758976813196
2560,5.231008432008222,False,-2.128456176139824,-0.17156830970739378,4.578329039745077,-0.2728603128437725
2561,2.5640079870812826,False,0.5363872990308136,-0.1717840808253418,2.1911922808079964,-0.2730751549806918
2562,3.6355893797562757,False,-0.6278648925513105,-0.1715899560328098,3.3339703636712397,-0.27287326604540046
2563,2.5822107484771335,False,1.8558734694521468,-0.1713453504137657,-1.8720164171427967,-0.2725815125450329
2564,1.672334500035316,False,1.4677892626635358,-0.1715032038639977,0.05800727480677521,-0.27278263923989826
2565,0.7574232943568331,False,0.4328982035109602,-0.17154284726562535,-0.7292393269899181,-0.2727994727627525
2566,2.327955744674543,False,-1.041821157035948,-0.1714085811137971,1.886451506026359,-0.2726588163753864
2567,3.8322094467101904,False,3.0459985733355035,-0.17139678774259448,-2.3545222162162864,-0.2726495880825401
2568,3.0718923074115705,False,0.3811536566167605,-0.1710772168358044,-3.2941386303774816,-0.27229511420896463
2569,2.0512102533817624,False,-0.7054816949490863,-0.1712698881622915,-2.252942052103035,-0.27251981897723176
2570,4.036894082870647,False,-3.9395139787276188,-0.17117617079886283,1.1753897755685518,-0.27241133094721964
2571,2.499027576813036,False,1.1314496430907452,-0.17162559385555803,-2.405312297450649,-0.27291219183824156
2572,2.8952776600221637,False,-0.8348430293994381,-0.17145518582031877,-3.0909783404917426,-0.2727257142437201
2573,1.6226724485376973,False,1.2608110323438928,-0.17153472580535167,0.4897232093772508,-0.2728052135159397
2574,2.7309240772631016,False,-2.050839397466738,-0.1713104623787985,1.7086860632608782,-0.27255381515300625
2575,2.4799752056239797,False,-1.6627554847108148,-0.17165917707158646,1.7086860632608782,-0.2729558873078717
2576,2.9342763496393953,False,-0.44675901524968625,-0.17176743841234382,2.6483034803178307,-0.27305620649288725
2577,2.7318268932295586,False,-2.024967137621831,-0.17168202212532313,1.734081126098594,-0.27295724016676925
2578,4.483176980238373,False,2.9166371341514563,-0.17140009176182408,-3.522693946035106,-0.2726326304299645
2579,1.9333059596353643,False,-1.507521910556116,-0.1716805024300075,1.1245996561060267,-0.2729670098301008
2580,0.3106190802658627,False,-0.4726312838677691,-0.17175858094543756,-0.1959432563497847,-0.2730390868513093
2581,1.3575687532402263,False,1.1314496430907452,-0.1714175247355076,0.10879738269012472,-0.27268379343306015
2582,2.1018431630075134,False,-2.024967137621831,-0.1713356507376837,0.7182787202716235,-0.27257467331194263
2583,0.897360538222232,False,-0.29152540051679304,-0.1713323493477576,0.6166984918290549,-0.27257359777009904
2584,1.9175321923792399,False,0.8468545994455033,-0.17123683930938005,-1.897411460433363,-0.27247801643148806
2585,1.8380558272204637,False,-1.8438613146859597,-0.17133323186894062,0.4897232093772508,-0.27257226892202974
2586,5.295495574221077,False,2.2698299925703904,-0.17176583328539952,4.425958571709032,-0.2730702842976541
2587,1.8005967946849972,False,1.3643001463474882,-0.17138328604986475,0.6674886057746037,-0.2726295449738069
2588,3.4272463811015794,False,-3.0857296735831112,-0.17149483673002147,1.5309206272642377,-0.27275650397281964
2589,0.826383681913598,False,-0.42088674648771773,-0.17145312309323862,0.5151182655919585,-0.2727214120465256
2590,2.8557213795656526,False,2.3991914136442953,-0.1714246839647946,-1.516485796668306,-0.27267110936608263
2591,2.1084034836449668,False,-0.18803632114654464,-0.17141936963641563,1.8356613788310865,-0.2726761012890005
2592,1.9667810018795158,False,-1.714500008279315,-0.17163641279042507,0.946834242333697,-0.27291757237731556
2593,1.7326810665131132,False,1.1314496430907452,-0.17144419027529872,-1.4149056144490628,-0.2726932847439183
2594,2.3079331749892025,False,0.14830320273300227,-0.17105334067039346,2.0134268264330615,-0.272296678391193
2595,3.2975965285030577,False,3.0977431500240304,-0.17140008242985244,0.15958749112439602,-0.27266557297051464
2596,4.099540641048573,False,-3.4479412160249425,-0.17136056767182128,2.1911922808079964,-0.27259523581115314
2597,1.4838566776140947,False,-0.9383320943689529,-0.1714295481118412,0.9976243598645628,-0.27268625892069653
2598,0.7361321238542368,False,0.4587704771744831,-0.17158928214347097,-0.6530541777547334,-0.27287639663887236
2599,2.0053078255734333,False,1.8300011879871132,-0.17130815068238764,-0.39910367136569114,-0.27255663605835195
2600,3.4490760439503374,False,-1.2487992754641974,-0.1714015135528562,3.0038344442687714,-0.2726479525337398
2601,1.9024042718474812,False,1.571278381292596,-0.17159033571911758,0.4897232093772508,-0.2728696197008521
2602,0.6865806645835644,False,-0.7054816949490863,-0.17128969685431167,-0.7038442773823581,-0.27253878004134163
2603,1.5468006603412863,False,-0.8348430293994381,-0.17143171054112488,1.1245996561060267,-0.2727105214055219
2604,2.624309951297291,False,-2.4389232779118397,-0.17130366282418913,1.048414477947243,-0.2725315099469442
2605,4.355424814143285,False,3.2529768835697963,-0.17139023213293725,-2.964003154866225,-0.27264061883404933
2606,4.069604029174757,False,3.2788491730017006,-0.1715280757993134,-2.4307073378622643,-0.2727981636474912
2607,4.927974524473952,False,-4.767425883384442,-0.17149265780160028,1.5055255655313866,-0.27276846132641164
2608,0.8632037945100385,False,0.6916209466398583,-0.1712113547353008,-0.2975234649585516,-0.2724454885377029
2609,0.5515049713878337,False,0.044814115867411006,-0.17141501349988153,-0.7800294257926019,-0.2726829591203902
2610,3.6879253438091206,False,1.8300011879871132,-0.1715423524990778,-3.3703237368274523,-0.2728063433929227
2611,1.8138302136601459,False,-1.7662445312730422,-0.17137805633385889,0.5913034350630821,-0.2726281474960759
2612,2.556509451780814,False,-2.671773590679614,-0.17139802057951575,-0.8054244749877258,-0.27263966370037845
2613,0.5833417831990706,False,-0.006930426700287177,-0.17171297484790676,0.2865627646202197,-0.2730152857096909
2614,2.4959263018804223,False,0.7692377723930621,-0.17166411691755307,2.0388218909289666,-0.27296263671593
2615,2.442568074318806,False,-0.5502480888575147,-0.1713770315479342,2.1404021502953157,-0.2726025334348666
2616,2.237114085922777,False,1.8817457510616957,-0.17149355309019393,-1.1609551492895533,-0.27276237524369823
2617,2.0337007755299954,False,1.4936615421040982,-0.1715429515253284,-1.4403006602097828,-0.2728116721279506
2618,0.5049928630970862,False,0.044814115867411006,-0.17176146470219078,-0.7292393269899181,-0.27305881989733205
2619,1.4089003026513005,False,-0.7830984960511921,-0.17143389477552323,-1.5418808418798893,-0.27268261994677007
2620,0.8149519651134867,False,0.6398763968595522,-0.17156822932418403,-0.3483135684372733,-0.2728220515614447
2621,0.5730702504080494,False,0.3811536566167605,-0.17144666209795145,-0.4244987226236134,-0.2727073238522414
2622,2.419472787497366,False,2.0887240091473473,-0.17128158196266846,0.5913034350630821,-0.2725338983279958
2623,2.0985368257198793,False,-1.9473503572254054,-0.17128368400285693,0.8452540089270649,-0.2725279283008948
2624,2.269668652216275,False,-2.4389232779118397,-0.17156138240200353,-0.170548203853593,-0.27284302592694276
2625,1.6565202991837837,False,0.7951100479328339,-0.17159014808809236,-1.6180659766912087,-0.27287168701002956
2626,2.8367043157786926,False,-1.3264160675016488,-0.17153796631875468,2.31816760950956,-0.2728062901083528
2627,2.3940431026648095,False,1.3125555890567302,-0.17161824709526158,-2.1513618857967387,-0.27288784958509943
2628,3.95966622101486,False,2.0887240091473473,-0.1714988448721047,2.978439374515216,-0.2727677559610079
2629,2.433739053405774,False,-2.128456176139824,-0.17150733472723273,-1.71964615451832,-0.2727752480172451
2630,1.5888328713973763,False,-1.2746715396204968,-0.17140157207997575,0.8706490670718526,-0.2726717642009155
2631,1.7016026151720007,False,1.4677892626635358,-0.1714126034138,-0.7292393269899181,-0.27265845389425514
2632,2.357027830478879,False,0.4070259299917427,-0.17150866821682925,-2.5576825378652335,-0.2727592023118334
2633,1.2281342647716662,False,-0.6796094276270933,-0.17161224863462715,0.8452540089270649,-0.2728912141398243
2634,0.8062388514498929,False,-0.4985035523418264,-0.17127382044115108,0.4643281533004109,-0.27251240541088045
2635,4.812977965790825,False,4.624208423504558,-0.17165594480573004,-0.6784492276372737,-0.2729416489969451
2636,0.9628942140448881,False,0.3035368373573661,-0.17118553802233605,-1.110165054609651,-0.27243831300637233
2637,3.3420122183206167,False,-3.4479412160249425,-0.17164611838500915,-0.9323997189016456,-0.2729096050685465
2638,2.723641238713469,False,0.7433654969976655,-0.17140473755279423,2.2927725434926467,-0.2726542091209916
2639,3.3827774748486545,False,0.27766456455939537,-0.171525480034467,3.080019654360626,-0.27280161547350734
2640,0.545765754792343,False,-0.29152540051679304,-0.17170034735797707,-0.8054244749877258,-0.2729839422239453
2641,2.288278437339753,False,2.1145962920592813,-0.17140234585423225,-0.170548203853593,-0.27265532016357336
2642,3.764101174011521,False,-2.8528793814663866,-0.17143463334640185,2.368957741958363,-0.27269130860001883
2643,1.5413709485448335,False,-1.4816496476939478,-0.17149400565437622,-1.0847700070634474,-0.27278734336096194
2644,0.7863628867741189,False,-0.3691422085315643,-0.1715705868021442,-1.0339799115591537,-0.2728431208078211
2645,5.604279836026566,False,-3.83602498034763,-0.17158627400191995,-4.513100185977973,-0.27283670376944774
2646,2.372268022223641,False,-1.352288331226431,-0.17125909681465473,1.784871252188521,-0.27250949971721394
2647,1.404013820220558,False,1.053832811272451,-0.1711909802680484,0.41353804155992235,-0.2724329037347609
2648,1.802562076021529,False,-1.9214780968060052,-0.17154795809523016,0.15958749112439602,-0.2728149915830814
2649,1.4542710981025482,False,0.5363872990308136,-0.17147025918486564,0.9976243598645628,-0.27274603286779225
2650,0.9233705165867987,False,0.7433654969976655,-0.17128250188963023,-0.39910367136569114,-0.272512340803591
2651,1.9113157675148011,False,-1.3264160675016488,-0.17158335600793267,-1.7958312864479422,-0.2728458706159039
2652,1.1466605519100994,False,0.48464275098231124,-0.17156918583353464,0.6674886057746037,-0.27283740769732684
2653,2.2060904669024,False,-1.7662445312730422,-0.171912963967284,1.2515749557971372,-0.27318716503216467
2654,4.215713159730631,False,3.718678115542473,-0.17132275495006094,-1.897411460433363,-0.2725651618988398
2655,3.8830177929318923,False,3.692805823643738,-0.17142644098976817,0.10879738269012472,-0.27269209390399834
2656,5.297193212731329,False,-4.1206197203837105,-0.1714742077631462,3.2577851494233037,-0.27272518336887397
2657,3.6805228559075616,False,1.0279605342886469,-0.17137760420300513,3.206995007284072,-0.2726361809908952
2658,3.1640903373637204,False,-2.697645846936614,-0.17150230983989884,1.6325008755764483,-0.2727720935784864
2659,3.2068259999287543,False,-1.792116792554357,-0.17164651921768698,-3.040188266652118,-0.2729150255395785
2660,0.7355782079729981,False,0.018941844511514178,-0.1714083333169742,-0.9831898155051739,-0.2726690753418829
2661,3.9656886673670146,False,1.9076180328159695,-0.17137383189840227,-3.6496691166148425,-0.2726177250422644
2662,2.481930832316998,False,0.5105150249344448,-0.17161246012677256,-2.6592626954020964,-0.2729096244337868
2663,2.424912750227917,False,-2.464795535459893,-0.1714309600419467,0.5151182655919585,-0.2727133567721869
2664,4.537080434268757,False,-2.749390359020145,-0.171213098280253,3.4609457235230217,-0.2724294711314387
2665,1.7221929117674277,False,0.22592001939616,-0.1711737435287865,-1.948201546603158,-0.2724190191029008
2666,5.216447745651505,False,4.0808902173704835,-0.1713485325644653,-3.2941386303774816,-0.27258462588589233
2667,4.742259999212203,False,-3.499685719796054,-0.17176264857069723,3.1054147246682615,-0.2730375551007342
2668,1.121897123150332,False,0.17417547480979617,-0.1715604157405448,0.7944638930512302,-0.27283039885965055
2669,1.3783331803176684,False,0.9762159807541639,-0.1717864992043197,0.4897232093772508,-0.27308631675447154
2670,3.8628790966733804,False,-3.7325359796779214,-0.1717087417473902,-1.7704362426085827,-0.27299358543309976
2671,3.5545841880594304,False,-1.352288331226431,-0.17144722641659738,3.080019654360626,-0.27269274751343336
2672,0.8058778165197565,False,0.25179229190566,-0.17118247086719796,0.41353804155992235,-0.2724049208785406
2673,3.3601104003950844,False,2.1663408583173243,-0.17164697162886022,2.1404021502953157,-0.2729251551227675
2674,1.5652908998806099,False,1.2349387542043169,-0.17173547875575534,0.41353804155992235,-0.2730447152247151
2675,0.6899570503335609,False,-0.8607152958577676,-0.1712216679294427,-0.2975234649585516,-0.2724426365498853
2676,1.7079116032661628,False,1.286683310628054,-0.17139944860463324,0.6166984918290549,-0.2726575108237882
2677,4.157333786246139,False,3.7704226997754473,-0.17141956616807918,1.048414477947243,-0.2726841715671773
2678,1.693213614578443,False,-1.507521910556116,-0.17166445066743247,-1.3133254300332045,-0.2729194099504759
2679,1.2447869538314131,False,0.5105150249344448,-0.17120590709651395,0.7690688353201144,-0.2724389424680384
2680,1.347829267149304,False,0.7433654969976655,-0.17143283300755247,-1.26253533700133,-0.27269401414992495
2681,1.0395180534067443,False,0.5363872990308136,-0.17126051613533716,-1.0339799115591537,-0.2725198512958935
2682,2.427833765600145,False,1.8817457510616957,-0.1714246314054063,1.023019418836969,-0.27269126288618917
2683,2.2454858617396756,False,-0.5761203568994955,-0.171506394865876,-2.4814974182745013,-0.27276654052156674
2684,5.973788016625302,True,-3.473813467982091,-0.1714062584276584,4.7053044335953365,-0.2726718023895041
2685,3.410150951320994,False,1.8558734694521468,-0.17134492628769032,-3.0147932295270143,-0.2726209175946868
2686,2.8333866528139953,False,-2.3354342462844087,-0.17160467496043602,1.5563156891351626,-0.27286875458140747
2687,1.7647693088672238,False,1.3384278676297816,-0.1713984029276624,-1.1863501964235268,-0.2726584023855477
2688,1.6805672964254295,False,-0.7572262291610657,-0.17158019820218545,1.3023650766396442,-0.27285629693299474
2689,2.5768639726608957,False,-1.4557773846880337,-0.17156132787075434,-2.5068924582751224,-0.2728345714740545
2690,2.426906579217045,False,-1.9732226175011298,-0.17136428293061134,1.3531551980341718,-0.2726301216428772
2691,1.7046611947231165,False,-1.6110109605675413,-0.17170139011222374,-1.1863501964235268,-0.27297894460035815
2692,3.8379418522941067,False,2.683786552751459,-0.17107700919835772,2.2927725434926467,-0.27228653265705755
2693,2.295810002060322,False,1.8041289066668746,-0.17172894118566334,0.8960441253545081,-0.27302379798503223
2694,2.074627076594577,False,0.35528138338601367,-0.17135185990992985,1.734081126098594,-0.27259048431114746
2695,1.8561310435561402,False,1.1573219206524004,-0.17156849826781684,1.023019418836969,-0.27284733320442855
2696,4.785802710206094,False,4.261996278960424,-0.171361146384432,-2.0751767596275585,-0.2726103158248592
2697,3.3302450887194937,False,-3.0339851652272456,-0.171711858193687,1.429340381161619,-0.27298480303506606
2698,2.16873023336878,False,1.9852348789469312,-0.1713666015679271,-0.043572939307845095,-0.2726086165400848
2699,0.4421617439405799,False,-0.5761203568994955,-0.1715936897431422,-0.09436304553911588,-0.2728561913613447
2700,1.4354594548064779,False,-0.3691422085315643,-0.17124235226923873,-1.694251110267417,-0.27250339750664854
2701,0.9877159570014529,False,0.7951100479328339,-0.1713762789444701,-0.06896799249227706,-0.272642623320459
2702,1.8830437794611579,False,-0.05867496869132367,-0.17131231032273425,1.6071058132912335,-0.2725644936611848
2703,2.1798796591208056,False,1.8300011879871132,-0.17137015567626573,0.5913034350630821,-0.2726319533981261
2704,1.0880360605144168,False,0.3294091102995722,-0.17162376103342702,0.6928836629542484,-0.27292519615610705
2705,4.9055093957165035,False,-2.956368401618432,-0.17136933639571844,3.7656866013079435,-0.2726049997083194
2706,1.2486332207714037,False,0.5881318476565374,-0.17145924842961013,0.7182787202716235,-0.27273336855138974
2707,2.3252633292826057,False,1.8817457510616957,-0.1714861764416375,-1.364115522515805,-0.27274650411001916
2708,3.9863627122388823,False,2.3991914136442953,-0.1716290233435387,-3.3195336659975743,-0.27290205942724366
2709,2.90796570762886,False,2.580297409229976,-0.1714718595061489,0.6674886057746037,-0.2727395885990355
2710,3.2992198055201087,False,-2.982240656298146,-0.17132723637187286,1.4547354424801116,-0.27257801130123677
2711,3.780392835040309,False,1.1831941983585708,-0.17140353915753814,-3.802039316799985,-0.2726721891453707
2712,0.46416869228301527,False,-0.3432699393373095,-0.17140769395913713,-0.7038442773823581,-0.2726673530575969
2713,2.661501249128463,False,-2.749390359020145,-0.17115690097480046,0.3881429858964797,-0.27237602311733444
2714,3.492354090231427,False,1.8558734694521468,-0.17140236128631758,-3.116373377206401,-0.2726632563473513
2715,3.2086047744409414,False,2.580297409229976,-0.171580001189725,-1.9228065035868853,-0.2728630810218546
2716,7.270975883471376,True,-4.793298128046443,-0.17175206067585846,5.3401814549721855,-0.27305216308975494
2717,2.943721727580603,False,2.7614034119138973,-0.17138945392614646,-0.526078926279371,-0.2726616909981235
2718,1.4764027228014938,False,-0.26565313089039166,-0.1713671323441333,1.200784835506719,-0.2726029360692139
2719,3.0668685339904997,False,-1.6886277465669726,-0.17180615427092466,-2.9386081173304706,-0.27310301378145596
2720,1.2942378630330644,False,1.0797050884007007,-0.17153918499390353,0.05800727480677521,-0.27280529145925475
2721,1.7865007245235596,False,-1.145310217400843,-0.1714604078298962,-1.7704362426085827,-0.27270509250666336
2722,3.4509634100285123,False,-1.6368832227109809,-0.17173857796269654,2.8514640278241754,-0.2730342318786759
2723,2.718678578317158,False,0.924471427797532,-0.1716240121639791,-2.7608428507474936,-0.2729149809396871
2724,1.5499061609042797,False,-0.6537371601612146,-0.1710311628371135,-1.7450411986321106,-0.2722288123364785
2725,1.0521170786776544,False,-1.119437952525465,-0.17149652234480522,-0.7292393269899181,-0.2727784373509401
2726,3.863300891695436,False,-0.317397669999099,-0.17136575570484364,3.5879210868403097,-0.27261836161595465
2727,3.865918929329465,False,3.692805823643738,-0.17175240705563039,-0.170548203853593,-0.2730271025198261
2728,2.1308621295927095,False,0.27766456455939537,-0.17145846077191035,1.810266315440664,-0.27272683861087826
2729,2.973455456239629,False,2.528552838338424,-0.1716423365175173,0.972229301030093,-0.27291163299665294
2730,0.9468135416005341,False,0.35528138338601367,-0.17122863948812594,-1.0593749593799255,-0.27246176103568176
2731,1.9187334203894444,False,1.0279605342886469,-0.1717143357614257,-1.7704362426085827,-0.27300226867418553
2732,2.5280198200860005,False,-2.4389232779118397,-0.1716358696865835,0.8452540089270649,-0.27290766575633624
2733,2.1628395187581972,False,-0.5243758206716483,-0.17154762180071664,1.8610564423596516,-0.27280948804210714
2734,1.8765591923396285,False,1.4677892626635358,-0.17115096310123573,-1.1863501964235268,-0.2723860193123146
2735,1.3346608096191326,False,-1.3005438036329806,-0.17145661801554546,0.43893309736130137,-0.2727411270891716
2736,1.9644971848363877,False,1.7265120635737392,-0.17130644283564517,-0.7800294257926019,-0.27255768935084423
2737,1.454428261932818,False,1.2608110323438928,-0.17136286039612875,-0.526078926279371,-0.272632643540923
2738,1.6235628394640869,False,-1.041821157035948,-0.17156526460249172,-1.6434610213537926,-0.2728376837949025
2739,3.4087406591397778,False,-3.499685719796054,-0.17162386855855472,0.4643281533004109,-0.27290519366290855
2740,4.05007910769541,False,-4.017130726010065,-0.17141675791921468,0.9976243598645628,-0.272659920162532
2741,1.5126088246108464,False,-0.8607152958577676,-0.1713087735253767,1.0738095371955907,-0.27255520080215234
2742,1.9012168258733853,False,1.700639782832121,-0.17156722460404483,0.05800727480677521,-0.272846744403572
2743,0.9697307042386534,False,0.4587704771744831,-0.1714439871556993,0.4643281533004109,-0.27269642394215504
2744,2.1879461888706095,False,-0.29152540051679304,-0.17152823318401894,1.9118465698312774,-0.27280626540997577
2745,1.0268356936862109,False,-1.1970547467202914,-0.17150915000093542,-0.22133830870838328,-0.2727827286083745
2746,2.6688582742991245,False,-0.7054816949490863,-0.17163024320039433,-2.8878180418484485,-0.2728992081610497
2747,2.2419310929283514,False,-0.3432699393373095,-0.17146064322303156,1.9626366978557475,-0.27270071916092403
2748,1.4393251851961886,False,1.0797050884007007,-0.17141605455088116,0.43893309736130137,-0.2726493259599192
2749,2.6257519820289037,False,1.0279605342886469,-0.17138293780914116,-2.608472616907718,-0.2726332275996574
2750,1.293919900205835,False,0.7174932217466442,-0.1714531686656099,0.6674886057746037,-0.2727249777257312
2751,3.118928064687341,False,-3.18921868857493,-0.1714262418699245,0.5151182655919585,-0.27268819812133227
2752,2.164260257225655,False,1.286683310628054,-0.17130211645399696,-1.8720164171427967,-0.27254950467406674
2753,1.613947168660989,False,-0.8865875621720717,-0.17150304442692765,-1.71964615451832,-0.2727607965003976
2754,2.078813049647017,False,0.12243093080030386,-0.1717394670500615,1.784871252188521,-0.27301927182277685
2755,2.16865570361027,False,1.9852348789469312,-0.17129772007659988,-0.043572939307845095,-0.27254440289246323
2756,0.8910837100829024,False,0.3294091102995722,-0.17142367344368836,0.4643281533004109,-0.2726892659525823
2757,1.0935073464075717,False,0.5881318476565374,-0.17169981171585336,-1.0593749593799255,-0.27298720811190114
2758,1.4695133353664287,False,-1.3781605948076079,-0.17140594374441032,0.5659083784348399,-0.27266791527334566
2759,4.525451436727893,False,-3.0339851652272456,-0.17145308380097107,3.2323900782844106,-0.27269448701062804
2760,3.756227759958576,False,0.25179229190566,-0.17163051980741756,-4.005199576061573,-0.2729139685899818
2761,1.2196216223609715,False,0.8985991515357439,-0.17163620209471164,0.31195781973267184,-0.27290663403656873
2762,0.42999037283984715,False,0.25179229190566,-0.17130968176940736,-0.1959432563497847,-0.2725601678453765
2763,1.6113931900855747,False,0.17417547480979617,-0.17145926086812918,-1.8466213737149806,-0.2727334118451535
2764,1.8298453268584238,False,1.4677892626635358,-0.1714280565711957,0.5405133219444652,-0.2726893125319697
2765,5.7161295262962,False,-3.8877694798238567,-0.1715630347232328,4.070427499065702,-0.2728367106849052
2766,3.270225409660488,False,-0.5243758206716483,-0.17143290762795832,2.978439374515216,-0.27268401479574444
2767,1.1494283240879455,False,0.8468545994455033,-0.17120649157022755,0.26116770964556657,-0.2724290856780432
2768,5.289086812191316,False,0.6140041221858921,-0.17183270356216684,-5.503506218376236,-0.2731259449513368
2769,6.121867672494308,True,1.0797050884007007,-0.171436949972949,-6.265356871557159,-0.2727025655438831
2770,2.711121483692506,False,-2.8011348705300927,-0.171487627518837,-0.9323997189016456,-0.27275319314829016
2771,0.31412634818523755,False,-0.44675901524968625,-0.171637411822901,-0.4244987226236134,-0.27291446100873845
2772,3.3791415417846027,False,-0.6019926247973808,-0.17141123047577317,-3.6242740827723376,-0.2726782142386124
2773,1.0115603427232158,False,-1.171182482132475,-0.17113830633725685,-0.4244987226236134,-0.27235012694876426
2774,3.7463075928782525,False,3.4858274936793476,-0.17120748376639383,0.5405133219444652,-0.2724458229365987
2775,2.5246086508691374,False,-0.3950144775816538,-0.17144126896421363,2.2419824118737965,-0.2727068647893547
2776,2.337468223087876,False,1.8817457510616957,-0.171964883952416,-1.3895105685510931,-0.27327091208244086
2777,4.4426579473005825,False,-3.473813467982091,-0.17203006136175858,2.6990936163638977,-0.2733442550651913
2778,1.6883688257493943,False,-1.041821157035948,-0.17158037279313687,-1.71964615451832,-0.27283440193731645
2779,1.2263740847549292,False,1.053832811272451,-0.17151500993544955,-0.322918516766709,-0.27277847737518274
2780,0.12157165174161469,False,-0.26565313089039166,-0.17180502175063694,-0.1959432563497847,-0.2730906667461205
2781,1.719323853531316,False,-0.8607152958577676,-0.17152088484787065,1.3023650766396442,-0.2727802957616884
2782,1.258798256904101,False,0.35528138338601367,-0.17139375055457656,0.8706490670718526,-0.27267193631370945
2783,2.4128925379064468,False,-2.3354342462844087,-0.17127335301325658,0.7944638930512302,-0.2725177257745553
2784,1.2992351712604802,False,0.9762159807541639,-0.17158213162488917,-0.8816096217484314,-0.27286545791826256
2785,1.040573384574165,False,0.5881318476565374,-0.1712582087772449,0.43893309736130137,-0.2724822352254512
2786,2.7051831235753943,False,-2.231945212360543,-0.17163667762616608,1.4801305039367465,-0.2729061474315584
2787,2.9906481875683633,False,-1.792116792554357,-0.1714926684292345,-2.786237889241525,-0.2727636479598027
2788,3.3455250389644693,False,2.2957022764956094,-0.17149286746764936,-2.5322874981387,-0.2727556577192302
2789,2.238006618107236,False,-0.9900766259902216,-0.17136204678833422,1.810266315440664,-0.2726106288285801
2790,1.944661673907834,False,1.3643001463474882,-0.17139016596970552,-1.4656957058332527,-0.27264859569562294
2791,2.444166022102772,False,2.062851726380208,-0.17142108589710414,0.7182787202716235,-0.2726652296109485
2792,1.3222047397327308,False,-1.4816496476939478,-0.17154380845187195,-0.09436304553911588,-0.272818348151002
2793,0.9162346569139747,False,0.7433654969976655,-0.17142787273296434,-0.22133830870838328,-0.2726908284144396
2794,0.48500098398891034,False,-0.6537371601612146,-0.1713577058648676,-0.322918516766709,-0.2725974105044468
2795,4.978123094442692,False,4.701825315328544,-0.1717396857868772,-1.2879303835858922,-0.273012726581749
2796,4.701204445907901,False,-2.49066779286455,-0.17168186091888665,3.816476749546931,-0.27297573217789545
2797,4.33227874980819,False,1.1055773656736052,-0.1713168303299344,3.8672668983407537,-0.2725609770693399
2798,3.5412782601604107,False,2.2439577087899667,-0.17159366714442925,-2.8624230039021117,-0.2728746829644964
2799,1.3116174946799286,False,0.7174932217466442,-0.1713904561682944,-1.2371402902794493,-0.27265954009713567
2800,6.529088411837073,True,-6.268015837854294,-0.1714935505729745,2.06421695556322,-0.27274883346865275
2801,2.7943957096324876,False,-2.8528793814663866,-0.17148545113019342,-1.0593749593799255,-0.27275395314399686
2802,1.672082823683785,False,-0.9124598283424901,-0.17150789766549268,1.226179895582891,-0.2727694340484975
2803,2.79953294169477,False,1.1573219206524004,-0.17154850909493258,2.1911922808079964,-0.2728466128920363
2804,3.0041747383996826,False,1.7782566254911512,-0.17114870583335595,2.0134268264330615,-0.2723701385636057
2805,2.0255230861225377,False,-1.0935656875061317,-0.17111346895733237,1.5309206272642377,-0.27235438577816773
2806,3.1318255072720533,False,-1.3005438036329806,-0.1717123515359275,2.6483034803178307,-0.27300833250144046
2807,4.20075060061332,False,2.4250636982934193,-0.1715780735720584,3.029229514160881,-0.2728538240176292
2808,5.996162575968047,True,-4.224108712468686,-0.1713393666455138,4.146612726627352,-0.2725524954415057
2809,2.7931651293698554,False,2.5544251237118023,-0.17159273074724885,-0.8816096217484314,-0.27284742276935353
2810,4.633941446014049,False,1.053832811272451,-0.1713699052409669,-4.741655442629912,-0.272618835824725
2811,3.5786319956799026,False,-2.4389232779118397,-0.17126461957904765,2.4959330755008837,-0.27251799692710243
2812,3.3879367208774553,False,-2.671773590679614,-0.17127456579023176,2.0134268264330615,-0.2725325620071579
2813,3.9382681783900915,False,-3.1374741813656026,-0.17134338373476032,2.31816760950956,-0.27258903312130683
2814,1.0060232100965596,False,0.7951100479328339,-0.1712448442344961,0.007217167474072828,-0.272481272577467
2815,3.631967885337486,False,-0.13629178059688257,-0.17117792618648142,3.3593654353644187,-0.27243227387323604
2816,3.3492990832881047,False,1.5971506613112187,-0.17113340558632584,2.5721182772866866,-0.2723427999832752
2817,2.140448366849988,False,1.9076180328159695,-0.171530398379645,0.23577265480864396,-0.2728137261970331
2818,1.0228069990904243,False,0.5622595732715578,-0.1718924789961856,0.43893309736130137,-0.27319547740304373
2819,4.01506326582574,False,-3.7325359796779214,-0.17126769861145918,1.5817107511441613,-0.2724989297974833
2820,1.080381851095613,False,-0.6019926247973808,-0.17131311306028152,0.7182787202716235,-0.27254655185241766
2821,1.5435147356558347,False,0.5363872990308136,-0.17128990737040217,1.0992045965818062,-0.27251853689897976
2822,0.3586567501373429,False,-0.21390859120530242,-0.17146501239201473,0.08340232867958475,-0.2727321553752772
2823,3.745918683792747,False,3.30472146257868,-0.1711701041194848,-1.668856065879264,-0.27240786979503573
2824,1.3296713719933881,False,0.7692377723930621,-0.17122636157861387,0.6674886057746037,-0.2724793851201252
2825,3.4336094555419314,False,-3.473813467982091,-0.17143468888816105,0.6674886057746037,-0.2727063240960062
2826,1.0016634804013684,False,-0.317397669999099,-0.1714280729944792,0.7182787202716235,-0.27269083023958246
2827,2.266424952755061,False,-0.8607152958577676,-0.17136149659804167,1.886451506026359,-0.27259215349279514
2828,2.372665681634454,False,1.9076180328159695,-0.17141265556871427,0.8706490670718526,-0.272666933805359
2829,3.9042410071801283,False,2.2698299925703904,-0.17136860157280082,-3.3195336659975743,-0.2726264439732548
2830,3.1931073446175735,False,-1.041821157035948,-0.17146705517144856,-3.3449287014808977,-0.27272809723004227
2831,3.307634879063038,False,-1.4557773846880337,-0.17159510502891462,2.7752788214710913,-0.27288830191246627
2832,2.2091123731962483,False,1.5195338216889656,-0.1714048327328882,-1.694251110267417,-0.2726669734741752
2833,3.982478660994296,False,-3.3961967116810166,-0.17144241290752638,2.06421695556322,-0.2726811847928747
2834,0.9019620341719051,False,-1.0676934223429826,-0.1714102451022419,-0.3737086199703131,-0.2726660440716411
2835,3.7425038689154957,False,3.4082106223371342,-0.17130939129039258,0.819858950920145,-0.27255384921797643
2836,3.804220211770355,False,1.6747675022349477,-0.17137736067717646,-3.598879048793063,-0.2726443989585786
2837,3.0232499935423642,False,2.709658838994027,-0.17175343288938966,0.6420935487328954,-0.27305287141251294
2838,3.717016592597925,False,-3.2150909419646396,-0.17178341134192443,1.8610564423596516,-0.273064614511481
2839,0.7411353361174667,False,-0.6278648925513105,-0.17123395442525502,-0.8562145729656749,-0.27246859574997134
2840,2.2352500526989036,False,2.011107161279965,-0.17161323755028596,-0.7546343764599536,-0.2728967651554245
2841,3.0547678074923885,False,-1.8697335755363174,-0.1713146592601631,-2.8116329275985814,-0.27254366516950673
2842,0.9691602051089246,False,0.14830320273300227,-0.17151559572641234,0.6420935487328954,-0.2727752813552713
2843,1.7965276076012835,False,1.3901724252097098,-0.17136877311175147,-1.1609551492895533,-0.2726444181693797
2844,0.34989716928981723,False,-0.05867496869132367,-0.17178374575888627,0.05800727480677521,-0.27308190559537787
2845,2.821941942174411,False,0.5881318476565374,-0.1713913850661561,2.4451429416688026,-0.27266453959747977
2846,2.3761342235727376,False,-0.6019926247973808,-0.17133141180241396,2.06421695556322,-0.27256290362643015
2847,2.569633817992247,False,0.5622595732715578,-0.1715555330011389,-2.7354478121165555,-0.2728211117575794
2848,0.8631457327026794,False,0.6916209466398583,-0.17152391221435076,-0.27212841301280105,-0.27280334908814563
2849,1.7800413948130525,False,-1.8438613146859597,-0.17174226190520686,0.3373528749827858,-0.2730150423862195
2850,0.7383839847301198,False,-0.44675901524968625,-0.17141301610537135,-0.957794767272172,-0.27267200134875097
2851,0.8874331848472037,False,-0.6278648925513105,-0.17156580352740897,-1.0339799115591537,-0.2728446916691047
2852,2.8910243552053925,False,1.2090664762091863,-0.1714678044646863,2.267377477614082,-0.2727298575394793
2853,0.9160064693229991,False,0.7433654969976655,-0.17124612943436618,-0.322918516766709,-0.27249448032931806
2854,6.492225109240578,True,-0.6278648925513105,-0.1712912283258765,6.203614343610562,-0.27253577128965134
2855,1.9255750990648715,False,1.7523843444601526,-0.17171472424186435,-0.3483135684372733,-0.27300038866780474
2856,2.423364978519228,False,1.9076180328159695,-0.1714916644147793,0.972229301030093,-0.27276037873656345
2857,2.1359727477938355,False,-2.2578174710568133,-0.17145779920730636,0.18498254554812732,-0.2727079282335815
2858,2.5218769995183665,False,1.3901724252097098,-0.17156265033402146,-2.252942052103035,-0.27282993360324403
2859,1.5978621867516813,False,0.09655865901177087,-0.17157160537193794,1.3023650766396442,-0.27283844663930434
2860,2.2322715617640903,False,-2.361306504406535,-0.17125676979626914,0.15958749112439602,-0.27250975099498453
2861,2.067560509728451,False,1.8558734694521468,-0.17149559873739734,-0.6784492276372737,-0.27276493171822236
2862,4.178520095386625,False,1.8041289066668746,-0.17091713478220893,-3.954409512065898,-0.27213150760447846
2863,0.6688796246728009,False,-0.8089707627972929,-0.17148923811526312,-0.4752888247266098,-0.27276431905295057
2864,1.7880579628383626,False,-1.8697335755363174,-0.17136787884991012,0.2865627646202197,-0.27263416982319694
2865,2.058320244066955,False,1.1831941983585708,-0.1714749365088301,1.2769700161493882,-0.27272386633840945
2866,0.792246614637192,False,0.12243093080030386,-0.17166451666614846,-1.0085848636008574,-0.27295132344918355
2867,3.986271988142118,False,-1.9732226175011298,-0.1713540811425296,3.2831802207006824,-0.2726080191497863
2868,1.9517979872574416,False,-1.895605836242999,-0.17147798191731994,0.6420935487328954,-0.2727265458769719
2869,2.0601990835753656,False,-2.1543284354103776,-0.1715181034169802,0.2865627646202197,-0.27279613506519
2870,3.3692894790081347,False,2.5544251237118023,-0.1718147737133185,-2.252942052103035,-0.27311620777376133
2871,0.2934388555650736,False,-0.317397669999099,-0.17152230188461026,-0.018177885985682696,-0.27278407529545706
2872,4.238459423759315,False,3.123615438585766,-0.1714623443763426,-2.9386081173304706,-0.27271270672906933
2873,4.407984948043495,False,-0.5243758206716483,-0.17134715062869738,4.121217650634663,-0.2726072566860931
2874,1.3249633196359252,False,-0.9900766259902216,-0.17156215328882585,0.7690688353201144,-0.27283285488776154
2875,2.313175476845493,False,-0.26565313089039166,-0.1711930465750255,2.0388218909289666,-0.2724212296319795
2876,5.338702372328045,False,3.718678115542473,-0.17143066398590584,-3.9290144798631133,-0.2726782963984281
2877,1.8188775800541523,False,0.5363872990308136,-0.17146533967992017,-1.948201546603158,-0.272714216361986
2878,2.6260229849319017,False,0.924471427797532,-0.17165395587422405,-2.6592626954020964,-0.27294719370166903
2879,3.5519250047925004,False,-3.629046976717725,-0.1714767313081763,0.5405133219444652,-0.2727378729115346
2880,4.471269873259824,False,-3.240963195211023,-0.17171138843816824,2.978439374515216,-0.2730127360672309
2881,2.2625245464916133,False,1.9593625967585522,-0.17110440066320903,-1.0339799115591537,-0.27233443234815125
2882,2.065582570223758,False,-2.206072953520807,-0.1714118113594817,0.08340232867958475,-0.27266363090486806
2883,1.5705940159901883,False,1.3643001463474882,-0.17129041198454725,-0.6022640775772168,-0.2725369841773131
2884,1.7708809918146338,False,1.5454061014184182,-0.17179569954001978,0.15958749112439602,-0.27310756793958646
2885,4.43075608523013,False,4.158507100037342,-0.17164395320000092,-1.2117452434201816,-0.2729237993324468
2886,2.3175453500554766,False,-0.5502480888575147,-0.17170519545959168,2.0134268264330615,-0.27299237132340964
2887,2.404169303167126,False,-1.895605836242999,-0.17145435829591388,-1.948201546603158,-0.2726931234472738
2888,0.7024991152348519,False,-0.4726312838677691,-0.17123147541051242,-0.9070046703938007,-0.2724548359134644
2889,2.518340226759855,False,0.35528138338601367,-0.17154902666459515,-2.7354478121165555,-0.2728301254532765
2890,1.8206159066826366,False,0.4070259299917427,-0.17148379978488004,-1.9989916322242969,-0.27273380708408773
2891,1.0806555002645808,False,0.7951100479328339,-0.1715151568975567,0.21037760010945175,-0.27278985033374187
2892,1.5758450911440371,False,-0.9900766259902216,-0.17144468340895747,1.0738095371955907,-0.2727148417242523
2893,5.870908106717275,False,5.659100422173535,-0.17154662095210288,0.41353804155992235,-0.272841254023694
2894,5.198252391209603,False,0.25179229190566,-0.17129527134460804,4.908465070981713,-0.2725404303223853
2895,2.055300997008536,False,0.4587704771744831,-0.1716644961721569,1.6832910005613049,-0.2729308957103874
2896,3.130247380141438,False,1.3384278676297816,-0.17155897838457135,-3.0147932295270143,-0.2728258112985826
2897,1.3786697432723274,False,1.1831941983585708,-0.17171705148689193,-0.018177885985682696,-0.27300165098482637
2898,4.253353472342614,False,-4.3017254550307475,-0.17164932633215962,0.7436737777269351,-0.2729288353452465
2899,2.7488623253593354,False,-2.671773590679614,-0.17144635634650662,-1.4149056144490628,-0.27271203575007086
2900,4.597955648001194,False,0.3294091102995722,-0.17138441827167666,-4.8432355531509845,-0.2726339554800039
2901,2.9469427294693116,False,-2.7235181030501474,-0.17138690352329555,1.200784835506719,-0.27267807861036025
2902,2.2105737993587358,False,-0.23978086111982483,-0.1710259940918905,1.937241633774407,-0.2722546131907947
2903,2.055619225383084,False,1.3125555890567302,-0.17131626596074206,1.149994715768321,-0.27256939644128697
2904,1.5089713850200621,False,1.2090664762091863,-0.17173407826013237,-0.8816096217484314,-0.2730261293035243
2905,1.3817697254752812,False,-0.006930426700287177,-0.17146421734766043,1.0992045965818062,-0.2727337548955034
2906,0.9849763185775907,False,0.3035368373573661,-0.17144168874715127,-1.1355601020181927,-0.2726752882986038
2907,2.8001917928310522,False,1.8817457510616957,-0.17162337828740226,-2.1767569275789302,-0.27288163588504305
2908,0.5783954787523301,False,-0.317397669999099,-0.17190761247298508,0.2865627646202197,-0.27320728990950427
2909,2.219399287006896,False,-2.387178762385126,-0.17138693950928907,-0.39910367136569114,-0.27262593740027874
2910,1.4473915977294065,False,0.7174932217466442,-0.17129956786021622,-1.4149056144490628,-0.2725470463227702
2911,2.9436936762035826,False,2.7614034119138973,-0.17135745669126273,-0.526078926279371,-0.2726191808556157
2912,2.6556906203525323,False,2.3215745605655536,-0.17154170080870457,0.6420935487328954,-0.27281758063826744
2913,3.35115327067368,False,3.0977431500240304,-0.17137304469349718,0.4643281533004109,-0.27262784699902154
2914,2.4220376936301955,False,-0.7054816949490863,-0.17157265931122462,2.0896120203357533,-0.27284535253553205
2915,2.3353040354126375,False,-1.714500008279315,-0.17165323079000833,1.4801305039367465,-0.2729422239011715
2916,1.5330215088995314,False,-0.4985035523418264,-0.17144939243054796,-1.7704362426085827,-0.2727083949420415
2917,3.8901308056086434,False,-2.309561988018746,-0.17152918562877523,-3.522693946035106,-0.27278168657054264
2918,2.616084651499003,False,0.20004774703082542,-0.17159430207947518,-2.8624230039021117,-0.2728713413399514
2919,1.8748548391762374,False,1.700639782832121,-0.17149611630962697,-0.3737086199703131,-0.2727779901047805
2920,1.1571007398905802,False,-1.041821157035948,-0.17139435988114216,0.4897232093772508,-0.272665311944074
2921,3.7101969333372,False,-1.041821157035948,-0.17140422754157536,3.3339703636712397,-0.27268082055827214
2922,3.4468714327435186,False,-0.5243758206716483,-0.17128958885850276,3.156204865699127,-0.2725333406351573
2923,3.9679800555938973,False,3.796294992109686,-0.17135348313254883,-0.22133830870838328,-0.27259612145520173
2924,0.9427770233839393,False,-0.6019926247973808,-0.1716370789981585,0.5659083784348399,-0.2729099847626509
2925,1.5993521722485933,False,1.2349387542043169,-0.17181045066574901,-1.0339799115591537,-0.2730859619426038
2926,4.722732408027099,False,4.546591532989323,-0.1717296370764425,-0.06896799249227706,-0.27301430613531286
2927,1.8378410842262127,False,1.571278381292596,-0.17149153674919587,-0.8562145729656749,-0.2727663977447296
2928,3.710125297683095,False,-3.861897230157266,-0.17143731788950856,0.10879738269012472,-0.2726908244969401
2929,1.3574665518410223,False,-1.041821157035948,-0.17118000252086124,0.7690688353201144,-0.27241289714860617
2930,1.7438690967719133,False,-0.6537371601612146,-0.17119165147465326,-1.948201546603158,-0.272428690049163
2931,2.1925621567240046,False,-1.4557773846880337,-0.17146024338767973,-2.0497817172969857,-0.27274571275716314
2932,3.2299786205079304,False,2.78727569859113,-0.17142641308158152,1.023019418836969,-0.27268177037154695
2933,2.898224925604182,False,-0.29152540051679304,-0.17155499042352795,2.6229084125023885,-0.272832078151722
2934,0.9597222803380426,False,0.12243093080030386,-0.17143993780331895,-1.1863501964235268,-0.27272842359874483
2935,1.8065607508024586,False,1.5195338216889656,-0.17153698946105445,0.3627479303707676,-0.27281473239130993
2936,2.278979756435294,False,-2.4389232779118397,-0.17149545632186375,-0.043572939307845095,-0.2727360713835809
2937,3.5246001291282387,False,2.994253997226926,-0.17141182668850946,1.2769700161493882,-0.2726633374544062
2938,2.763365732699759,False,2.2698299925703904,-0.17165403219063846,-1.5672758869542227,-0.27292725664304834
2939,1.034352804790486,False,-0.4726312838677691,-0.17167051193081934,-1.26253533700133,-0.27294012287031677
2940,6.247175641037089,True,-1.8438613146859597,-0.17135631536958962,5.746502794280438,-0.2726271745470942
2941,2.2291953579911468,False,2.036979443757724,-0.17123708973388008,0.0326122210715588,-0.2724791932494662
2942,2.335602081450652,False,2.1404685751158703,-0.17157948060596995,0.05800727480677521,-0.27285165362544933
2943,1.708510530059422,False,0.8468545994455033,-0.17142675640459043,1.0992045965818062,-0.2726953098611631
2944,1.5261904145804537,False,1.3125555890567302,-0.17149699101755483,0.08340232867958475,-0.27274664270670507
2945,1.2883698938940022,False,0.5881318476565374,-0.17133153921460753,-1.3133254300332045,-0.27260169425265496
2946,3.1925202908383654,False,0.48464275098231124,-0.17159493502407946,2.8514640278241754,-0.2728816203304264
2947,2.321486981399955,False,-2.206072953520807,-0.17159033675265406,0.8452540089270649,-0.27285964554991093
2948,0.6205814855416133,False,-0.6796094276270933,-0.1709689767542853,-0.6276591277347373,-0.2721800033261287
2949,2.12890834329315,False,1.3901724252097098,-0.171452450664281,-1.71964615451832,-0.2727263058668253
2950,1.9172954047828217,False,-1.895605836242999,-0.17144878991749662,0.5659083784348399,-0.2727230380642813
2951,2.208540264565876,False,-1.1970547467202914,-0.17136567150638432,1.6832910005613049,-0.2726252027596926
2952,0.5531400369200624,False,0.25179229190566,-0.1714536490629039,0.08340232867958475,-0.27272307481851443
2953,0.3911465829695749,False,-0.006930426700287177,-0.17158654356843384,-0.6276591277347373,-0.2728621458615233
2954,1.9962577455609636,False,-1.4299051215383043,-0.17121064592942642,1.2769700161493882,-0.2724555061356209
2955,1.1012772585067656,False,-0.03280269776778321,-0.1714146376353337,0.819858950920145,-0.27265909384282383
2956,3.1832559488105967,False,0.5622595732715578,-0.1715351444358308,-3.3703237368274523,-0.2727987341961789
2957,1.728521914551826,False,-0.8865875621720717,-0.17161644822275102,-1.8466213737149806,-0.2728994312985636
2958,2.4039993615664104,False,-1.4557773846880337,-0.17143731476056084,1.7594761890745205,-0.2726855017352711
2959,0.9486489862572048,False,-0.9383320943689529,-0.17133011979878798,-0.8308195240453939,-0.2725740714918339
2960,3.0048502565893638,False,-2.361306504406535,-0.17146322414123816,1.784871252188521,-0.27272683630445405
2961,0.9569243221285312,False,-0.5243758206716483,-0.17152924782916534,0.6166984918290549,-0.2727965247453253
2962,3.3810095121324797,False,2.0887240091473473,-0.17136929684569735,2.2419824118737965,-0.2726149960378573
2963,2.1645003645942213,False,1.7265120635737392,-0.1713985422250286,-1.3133254300332045,-0.2726552007374141
2964,2.8786147474428083,False,0.27766456455939537,-0.17177263055855696,-3.116373377206401,-0.2730629870002895
2965,1.7688831071650235,False,1.1573219206524004,-0.17164717734673485,-1.4403006602097828,-0.27291846903789785
2966,2.9219589672581505,False,-2.49066779286455,-0.1713255061395233,-2.0497817172969857,-0.27256745685538997
2967,5.369271341353403,False,-5.3883597158587095,-0.1715556886540603,0.9976243598645628,-0.27281932137377995
2968,2.53082796294897,False,-1.145310217400843,-0.1713312416701443,-2.608472616907718,-0.2725679858419113
2969,3.6362308631666527,False,-2.231945212360543,-0.17142153639578528,-3.268743594620482,-0.27267702658600285
2970,3.17956156511721,False,-2.050839397466738,-0.1712520253443326,-2.8370279658187996,-0.2725101756277094
2971,1.8969622647980422,False,-1.3005438036329806,-0.17157615863325837,1.2515749557971372,-0.2728580132186603
2972,7.2791417787413035,True,6.047184981750112,-0.171751509850609,-4.055989639511062,-0.2730383657970772
2973,2.2619334392273878,False,-0.23978086111982483,-0.17159335310169582,1.988031762075299,-0.272873021350763
2974,6.056092081705799,True,-1.1970547467202914,-0.17167866702354145,5.69571262491816,-0.27294245495223507
2975,0.46248920332338417,False,-0.006930426700287177,-0.17142815519576676,0.15958749112439602,-0.27265390943852635
2976,1.102525875122962,False,-0.317397669999099,-0.17171879048616084,0.819858950920145,-0.2729942066333228
2977,2.744408958282784,False,-2.8011348705300927,-0.17178711224985938,-1.0593749593799255,-0.2730612091859846
2978,1.2156095838640062,False,-1.3264160675016488,-0.17174621923051037,-0.6530541777547334,-0.27301827946159196
2979,2.792697782322139,False,2.3991914136442953,-0.17137047116627707,-1.364115522515805,-0.27261697044514743
2980,2.623662967929431,False,0.044814115867411006,-0.17178740181939295,-2.8878180418484485,-0.27311302344342464
2981,1.33499565570789,False,-0.6537371601612146,-0.1712950591431201,0.972229301030093,-0.2725421802832053
2982,4.168835222766238,False,-2.0767116571679693,-0.1709674852385144,3.435550651275488,-0.27218235333158136
2983,2.8762032171004623,False,2.1663408583173243,-0.17145804338687343,-1.948201546603158,-0.27271965635707923
2984,1.684398383901405,False,1.4936615421040982,-0.1714017526460816,-0.018177885985682696,-0.27265691901872313
2985,2.0984456540648275,False,-1.9473503572254054,-0.17159189947247466,0.8452540089270649,-0.2728468263566963
2986,1.0063955793521637,False,0.7951100479328339,-0.17154270681268674,0.007217167474072828,-0.27280293907831354
2987,2.5629885761027427,False,2.3733191291399662,-0.1715753991489007,-0.5768690272821031,-0.2728613363968893
2988,3.8787076219467145,False,-3.18921868857493,-0.1717332813129253,-2.710052773348642,-0.2730172270712221
2989,2.4486270606341964,False,-1.3264160675016488,-0.17139036510179267,1.886451506026359,-0.27264257607862963
2990,1.1868686878296522,False,0.14830320273300227,-0.1711791974737521,0.8706490670718526,-0.27240554405572637
2991,1.8398968053094975,False,1.5454061014184182,-0.17163020024721287,0.3881429858964797,-0.27291912823192344
2992,1.1265532773995843,False,-0.03280269776778321,-0.17146164772872735,0.8452540089270649,-0.2727328585574474
2993,2.5291034878457777,False,1.9852348789469312,-0.17141255427514368,1.048414477947243,-0.27265845495587065
2994,0.6150405624744039,False,-0.7313539621270538,-0.1714651395379061,-0.018177885985682696,-0.2727323317212641
2995,0.5026774521082258,False,-0.03280269776778321,-0.17150435113841683,0.21037760010945175,-0.2727844580175255
2996,4.734561922320406,False,-2.982240656298146,-0.17174482804187713,3.537130941097498,-0.27300959949487513
2997,1.7387902763205598,False,-1.171182482132475,-0.17131295427664028,1.149994715768321,-0.2725547249375062
2998,1.1967644444930052,False,-0.26565313089039166,-0.1713929214271549,-1.4656957058332527,-0.27265029272199404
2999,2.0108914510708322,False,0.9762159807541639,-0.1714243626492175,1.3785502589386491,-0.27269292537877693
